Report ID,Report Version,Reporting Entity,Report Type,Report Month,Report Year,Report Submission Date,VIN,VIN - Unknown,Serial Number,Make,Model,Model - Unknown,Model Year,Model Year - Unknown,Same Vehicle ID,Mileage,Mileage - Unknown,Driver / Operator Type,ADAS/ADS System Version,ADAS/ADS System Version - Unk,ADAS/ADS System Version CBI,ADAS/ADS Hardware Version,ADAS/ADS Hardware Version - Unk,ADAS/ADS Hardware Version CBI,ADAS/ADS Software Version,ADAS/ADS Software Version - Unk,ADAS/ADS Software Version CBI,Other Reporting Entities?,Other Reporting Entities? - Unk,Other Reporting Entities? - NA,Federal Regulatory Exemption?,Other Federal Reg. Exemption,Federal Reg. Exemption - Unk,Federal Reg. Exemption - No,State or Local Permit?,State or Local Permit,ADS Equipped?,Automation System Engaged?,Operating Entity,Operating Entity - Unknown,Source - Complaint/Claim,Source - Telematics,Source - Law Enforcement,Source - Field Report,Source - Testing,Source - Media,Source - Other,Source - Other Text,Incident Date,Incident Date - Unknown,Notice Received Date,Incident Time (24:00),Incident Time - Unknown,Same Incident ID,Latitude,Latitude - Unknown,Longitude,Longitude - Unknown,Address,Address - Unknown,City,City - Unknown,State,Zip Code,Zip Code - Unknown,Roadway Type,Roadway Surface,Roadway Description,Posted Speed Limit (MPH),Posted Speed Limit - Unknown,Lighting,Weather - Clear,Weather - Snow,Weather - Cloudy,Weather - Fog/Smoke/Haze,Weather - Rain,Weather - Severe Wind,Weather - Unknown,Weather - Other,Weather - Other Text,Crash With,Highest Injury Severity Alleged,Property Damage?,CP Pre-Crash Movement,CP Any Air Bags Deployed?,CP Was Vehicle Towed?,CP Contact Area - Rear Left,CP Contact Area - Left,CP Contact Area - Front Left,CP Contact Area - Rear,CP Contact Area - Top,CP Contact Area - Front,CP Contact Area - Rear Right,CP Contact Area - Right,CP Contact Area - Front Right,CP Contact Area - Bottom,CP Contact Area - Unknown,SV Pre-Crash Movement,Any Air Bags Deployed?,Was Any Vehicle Towed?,Were All Passengers Belted?,SV Precrash Speed (MPH),SV Pre-crash Speed - Unknown,SV Contact Area - Rear Left,SV Contact Area - Left,SV Contact Area - Front Left,SV Contact Area - Rear,SV Contact Area - Top,SV Contact Area - Front,SV Contact Area - Rear Right,SV Contact Area - Right,SV Contact Area - Front Right,SV Contact Area - Bottom,SV Contact Area - Unknown,Data Availability - EDR,Data Availability - Police Rpt,Data Availability - Telematics,Data Availability - Complaints,Data Availability - Video,Data Availability - Other,Data Availability - No Data,Data Availability - Unknown,Law Enforcement Investigating?,Investigating Agency,Investigating Agency - Unknown,Rep Ent Or Mfr Investigating?,Investigating Officer Name,Inv. Officer Name - Unknown,Investigating Officer Phone,Inv. Officer Phone - Unknown,Investigating Officer Email,Inv. Officer Email - Unknown,Within ODD?,Within ODD? - CBI,Narrative,Narrative - CBI?,Data Period,VIN Decoded,Make - Unknown,Automation Feature Version,Automation Feature Version CBI,Engagement Status,Source - Internal Process Review,Source - NHTSA VOQ,Source - Other - See Narrative,Source - Other Entity,Source - State or Other Agency,Roadway-Degraded Surface,Roadway-Missing/Degraded Marking,Roadway-No Unusual Conditions,Roadway-Other-See Narrative,Roadway-Traffic Incident,Roadway-Unknown,Roadway-Wet Surface Condition,Roadway-Work Zone,Weather - Partly Cloudy,Weather - Dust Storm,Weather - Severe Hurricane,Weather - Structure-Indoor,Weather - Unk - See Narrative,Reason Not In Hub
30270-11836,1,Waymo LLC,5-Day,,,OCT-2025,SADHW2S19R1,,,JAGUAR,I-PACE, ,2024.0, ,bc680d592472f72,,,,,,,,,,,,,,,,,,,,,,,ADS,Waymo LLC, , ,Y, , , , ,,,OCT-2025, ,,16:14, ,bfc23b58aba27de,[MAY CONTAIN PERSONALLY IDENTIFIABLE INFORMATION], ,[MAY CONTAIN PERSONALLY IDENTIFIABLE INFORMATION], ,[MAY CONTAIN PERSONALLY IDENTIFIABLE INFORMATION], ,Phoenix, ,AZ,[MAY CONTAIN PERSONALLY IDENTIFIABLE INFORMATION], ,Street,,,,,,Y, , , , , ,,,,Heavy Truck,Property Damage. No Injured Reported,,Parked,,, , , ,Y, , , , , , , ,Passing,"No Subject Vehicle, No Crash Partner","Yes Subject Vehicle, No Crash Partner",Subject Vehicle - All Belted,1.0, , , ,Y, , , , , , , , , , ,Y, ,Y, , , ,,, ,,,,,,,,Yes, ,"On October 2, 2025 at 4:14 PM MT a Waymo Autonomous Vehicle (""Waymo AV"") operating in Phoenix, Arizona was in a collision involving a heavy truck with a flatbed trailer on E. Indianola Avenue near N. 16th Street. 
The Waymo AV was traveling eastbound on E. Indianola Avenue behind a heavy truck with an attached flatbed trailer when the heavy truck slowed to a stop and parked at the curb on the south side of E. Indianola Avenue near a stop sign at the intersection with N. 16th Street. The Waymo AV slowed to a stop to yield to the parked heavy truck, which was partially in the Waymo AV's lane of travel. The Waymo AV proceeded to maneuver around the left side of the heavy truck and the front right side of the Waymo AV made contact with the rear left side of the flatbed of the heavy truck. At the time of the impact, the Waymo AV's Level 4 ADS was engaged in autonomous mode. The Waymo AV sustained damage. 

Waymo is reporting this crash under Request No. 1 of Standing General Order 2021-01 because a vehicle involved was towed away. Waymo may supplement or correct its reporting with additional information as it may become available.", ,"After June 16, 2025 (Amendment 3)",Y, ,"5th Generation ADS, Version 10", ,Verified Engaged, , , , , , , ,Y, , , , , , , , , , ,Likely newer than hub update cycle (post-June 2025)
30270-11838,1,Waymo LLC,5-Day,,,OCT-2025,SADHW2S17R1,,,JAGUAR,I-PACE, ,2024.0, ,d485ed61f897924,,,,,,,,,,,,,,,,,,,,,,,ADS,Waymo LLC, , ,Y, , , , ,,,OCT-2025, ,,09:37, ,c64589b500c4428,[MAY CONTAIN PERSONALLY IDENTIFIABLE INFORMATION], ,[MAY CONTAIN PERSONALLY IDENTIFIABLE INFORMATION], ,[MAY CONTAIN PERSONALLY IDENTIFIABLE INFORMATION], ,Phoenix, ,AZ,[MAY CONTAIN PERSONALLY IDENTIFIABLE INFORMATION], ,Street,,,,,,Y, , , , , ,,,,Pickup Truck,Property Damage. No Injured Reported,,Proceeding Straight,,, , , , , , , , ,Y, , ,Stopped,"No Subject Vehicle, No Crash Partner","Yes Subject Vehicle, No Crash Partner",Subject Vehicle - No Passenger In Vehicle,0.0, , , , , , , ,Y, , , , , , ,Y, ,Y, , , ,,, ,,,,,,,,Yes, ,"On October 5, 2025 at 9:37 AM MT a Waymo Autonomous Vehicle (""Waymo AV"") operating in Phoenix, Arizona was in a collision involving a pickup truck on E. Oak Street near N. 27th Street. 
The Waymo AV was traveling eastbound on E. Oak Street when it began to slow to a stop to yield to an animal that ran into the roadway from in front of a parked car on the south side of E. Oak Street. As the Waymo AV slowed to a stop, a pickup truck that was traveling eastbound on E. Oak Street behind the Waymo AV approached the Waymo AV from behind and the front of the pickup truck made contact with the rear of the Waymo AV. At the time of the impact, the Waymo AV's Level 4 ADS was engaged in autonomous mode. Both vehicles sustained damage.

Waymo is reporting this crash under Request No. 1 of Standing General Order 2021-01 because a vehicle involved was towed away. Waymo may supplement or correct its reporting with additional information as it may become available.", ,"After June 16, 2025 (Amendment 3)",Y, ,"5th Generation ADS, Version 10", ,Verified Engaged, , , , , , , ,Y, , , , , , , , , , ,Likely newer than hub update cycle (post-June 2025)
30270-11841,1,Waymo LLC,5-Day,,,OCT-2025,SADHW2S18R1,,,JAGUAR,I-PACE, ,2024.0, ,5a6fef52a42e563,,,,,,,,,,,,,,,,,,,,,,,ADS,Waymo LLC, , ,Y, , , , ,,,OCT-2025, ,,09:55, ,d06de901f3c18cb,[MAY CONTAIN PERSONALLY IDENTIFIABLE INFORMATION], ,[MAY CONTAIN PERSONALLY IDENTIFIABLE INFORMATION], ,[MAY CONTAIN PERSONALLY IDENTIFIABLE INFORMATION], ,Atlanta, ,GA,[MAY CONTAIN PERSONALLY IDENTIFIABLE INFORMATION], ,Intersection,,,,,,Y, , , , , ,,,,Passenger Car,Moderate W/ Hospitalization,,Proceeding Straight,,, , , , , , , , ,Y, , ,Stopped,"No Subject Vehicle, No Crash Partner","No Subject Vehicle, No Crash Partner",Subject Vehicle - Not Belted - see Narrative,0.0, , , , , , , ,Y, , , , , , ,Y, ,Y, , , ,,, ,,,,,,,,Yes, ,"On October 3, 2025 at 9:55 AM EDT a Waymo Autonomous Vehicle (""Waymo AV"") operating in Atlanta, Georgia was in a collision involving a passenger car on James P Brawley Drive at Carter St NW. 
The Waymo AV was traveling northbound on James P Brawley Drive and came to a stop at the stop sign at the intersection with Carter St NW. A passenger car traveling directly behind the Waymo AV proceeded without stopping, and the front driver side of the passenger car then made contact with the rear side of the stationary Waymo AV. First responders arrived at the scene and assisted the rider out of the Waymo AV. An ambulance was called to the scene and Waymo later learned that the rider was transported to the hospital. At the time of the impact, the Waymo AV's Level 4 ADS was engaged in autonomous mode. The Waymo AV sustained damage. The passenger in the Waymo AV was not belted at the time of the collision they were in the process of locating the belt fastener for the seat they were occupying.

Waymo is reporting this crash under Request No. 1 of Standing General Order 2021-01 because an individual involved was transported from the scene to a hospital for medical treatment. Waymo may supplement or correct its reporting with additional information as it may become available.", ,"After June 16, 2025 (Amendment 3)",Y, ,"5th Generation ADS, Version 10", ,Verified Engaged, , , , , , , ,Y, , , , , , , , , , ,Likely newer than hub update cycle (post-June 2025)
30270-11859,1,Waymo LLC,5-Day,,,OCT-2025,SADHW2S16R1,,,JAGUAR,I-PACE, ,2024.0, ,9fd84f162c600d0,,,,,,,,,,,,,,,,,,,,,,,ADS,Waymo LLC, , ,Y, , , , ,,,OCT-2025, ,,02:20, ,8e6be32923cbefc,[MAY CONTAIN PERSONALLY IDENTIFIABLE INFORMATION], ,[MAY CONTAIN PERSONALLY IDENTIFIABLE INFORMATION], ,[MAY CONTAIN PERSONALLY IDENTIFIABLE INFORMATION], ,Phoenix, ,AZ,[MAY CONTAIN PERSONALLY IDENTIFIABLE INFORMATION], ,Street,,,,,,Y, , , , , ,,,,SUV,No Injured Reported,,Making Left Turn,,, , , , , ,Y, , , , , ,Proceeding Straight,"No Subject Vehicle, No Crash Partner","Yes Subject Vehicle, Yes Crash Partner",Subject Vehicle - No Passenger In Vehicle,31.0, ,Y, , , , , , ,Y, , , , , ,Y, ,Y, , , ,,Phoenix Police Department, ,,,,,,,,Yes, ,"On October 8, 2025 at 2:20 AM MT a Waymo Autonomous Vehicle (""Waymo AV"") operating in Phoenix, Arizona was in a collision involving an SUV on S. 16th Street near E. Hidalgo Avenue. 
The Waymo AV was traveling southbound on S. 16th Street in the leftmost lane. An SUV was traveling southbound, ahead of and to the right of the Waymo AV in the center lane on S. 16th Street. As the Waymo AV continued to proceed straight and approached the SUV, the SUV initiated a left turn from the center lane, crossing the dashed white lane line and entering the Waymo AV's lane of travel. The Waymo AV began braking and maneuvered to the left, and the front left side of the SUV made contact with the right side of the Waymo AV. At the time of the impact, the Waymo AV's Level 4 ADS was engaged in autonomous mode. Both vehicles sustained damage.

Waymo is reporting this crash under Request No. 1 of Standing General Order 2021-01 because a vehicle involved was towed away. Waymo may supplement or correct its reporting with additional information as it may become available.", ,"After June 16, 2025 (Amendment 3)",Y, ,"5th Generation ADS, Version 10", ,Verified Engaged, , , , , , , ,Y, , , , , , , , , , ,Likely newer than hub update cycle (post-June 2025)
30270-11863,1,Waymo LLC,5-Day,,,OCT-2025,SADHW2S14R1,,,JAGUAR,I-PACE, ,2024.0, ,3636e171cbf3cce,,,,,,,,,,,,,,,,,,,,,,,ADS,Waymo LLC, , ,Y, , , , ,,,OCT-2025, ,,07:10, ,2a20b0200d6dd5d,[MAY CONTAIN PERSONALLY IDENTIFIABLE INFORMATION], ,[MAY CONTAIN PERSONALLY IDENTIFIABLE INFORMATION], ,[MAY CONTAIN PERSONALLY IDENTIFIABLE INFORMATION], ,Scottsdale, ,AZ,[MAY CONTAIN PERSONALLY IDENTIFIABLE INFORMATION], ,Street,,,,,,Y, , , , , ,,,,Pickup Truck,Property Damage. No Injured Reported,,Backing,,,Y, , , , , , , , , , ,Parked,"No Subject Vehicle, No Crash Partner","Yes Subject Vehicle, No Crash Partner",Subject Vehicle - No Passenger In Vehicle,0.0, , ,Y, , , , , , , , , , , ,Y, ,Y, , , ,,, ,,,,,,,,Yes, ,"On October 7, 2025 at 7:10 AM MT a Waymo Autonomous Vehicle (""Waymo AV"") operating in Scottsdale, Arizona was in a collision involving a flatbed pickup truck on N. 54th Street near E. Thunderbird Road. 
The Waymo AV was parked at the curb facing north on the east side of N. 54th Street. A flatbed pickup truck that was stopped facing west in a driveway on the west side of N. 54th Street reversed out of the driveway and across the roadway, and the rear right side of the flatbed made contact with the left side of the stationary Waymo AV. At the time of the impact, the Waymo AV's Level 4 ADS was engaged in autonomous mode. The Waymo AV sustained damage.

Waymo is reporting this crash under Request No. 1 of Standing General Order 2021-01 because a vehicle involved was towed away. Waymo may supplement or correct its reporting with additional information as it may become available.", ,"After June 16, 2025 (Amendment 3)",Y, ,"5th Generation ADS, Version 10", ,Verified Engaged, , , , , , , ,Y, , , , , , , , , , ,Likely newer than hub update cycle (post-June 2025)
30270-11886,1,Waymo LLC,5-Day,,,OCT-2025,SADHW2S15R1,,,JAGUAR,I-PACE, ,2024.0, ,d96eceff2af56e0,,,In-Vehicle and Remote (Commercial / Test),,,,,,,,,,,,,,,,,,,,ADS,Waymo LLC, , ,Y, , , , ,,,OCT-2025, ,,16:57, ,de6893d4278e92f,[MAY CONTAIN PERSONALLY IDENTIFIABLE INFORMATION], ,[MAY CONTAIN PERSONALLY IDENTIFIABLE INFORMATION], ,[MAY CONTAIN PERSONALLY IDENTIFIABLE INFORMATION], ,Tempe, ,AZ,[MAY CONTAIN PERSONALLY IDENTIFIABLE INFORMATION], ,Intersection,,,,,, , ,Y, , , ,,,,Passenger Car,Property Damage. No Injured Reported,,Making Left Turn,,, , , , , ,Y, , , , , ,Making Left Turn,"No Subject Vehicle, No Crash Partner","Yes Crash Partner, No Subject Vehicle",Subject Vehicle - All Belted,2.0, , , , , , , ,Y, , , , , , ,Y, ,Y, , , ,,Arizona Department of Public Safety, ,,,,,,,,Yes, ,"On October 10, 2025 at 4:57 PM MT a Waymo Autonomous Vehicle (""Waymo AV"") operating in Tempe, Arizona was in a collision involving a passenger car on E. Rio Salado Parkway at the on-ramp entrance to State Route 101.
The Waymo AV was stopped facing east on E. Rio Salado Parkway in the designated left turn lane for a red light at the intersection with the on-ramp entrance to State Route 101, in autonomous mode and with its left turn signal activated. After the light turned green and westbound traffic cleared, the Waymo AV proceeded to make an unprotected left turn onto the on-ramp entrance to State Route 101. As the Waymo AV was completing the left turn and was exiting the intersection, it began slowing and a passenger car traveling directly behind the Waymo AV approached the Waymo AV from behind, and the front left of the passenger car made contact with the rear of the Waymo AV. The test driver of the Waymo AV transitioned to manual mode immediately after the passenger car made contact with the Waymo AV. At the time of the impact, the Waymo AV's Level 4 ADS was engaged in autonomous mode, and a test driver was present in the driver's seating position. Both vehicles sustained damage.

Waymo is reporting this crash under Request No. 1 of Standing General Order 2021-01 because a vehicle involved was towed away. Waymo may supplement or correct its reporting with additional information as it may become available.", ,"After June 16, 2025 (Amendment 3)",Y, ,"5th Generation, Version 10", ,Verified Engaged, , , , , , , ,Y, , , , , , , , , , ,Likely newer than hub update cycle (post-June 2025)
30270-11887,1,Waymo LLC,Monthly,10.0,2025.0,NOV-2025,SADHW2S19M1,,[MAY CONTAIN PERSONALLY IDENTIFIABLE INFORMATION],JAGUAR,I-PACE, ,2021.0, ,82a413f84a9cd60,,,,,,,,,,,,,,,,,,,,,,,ADS,Waymo LLC, , ,Y, , , , ,,,OCT-2025, ,,23:57, ,e5e7fbb48fed3ea,[MAY CONTAIN PERSONALLY IDENTIFIABLE INFORMATION], ,[MAY CONTAIN PERSONALLY IDENTIFIABLE INFORMATION], ,[MAY CONTAIN PERSONALLY IDENTIFIABLE INFORMATION], ,Tempe, ,AZ,[MAY CONTAIN PERSONALLY IDENTIFIABLE INFORMATION], ,Street,,,,,,Y, , , , , ,,,,SUV,Property Damage. No Injured Reported,,Stopped,,, , , , , , , ,Y, , , ,Proceeding Straight,"No Subject Vehicle, No Crash Partner","No Subject Vehicle, No Crash Partner",Subject Vehicle - All Belted,7.0, , , , ,Y, , , , , , , , , ,Y, ,Y, , , ,,Tempe Police Department, ,,,,,,,,Yes, ,"On October 7, 2025 at 11:57 PM MT a Waymo Autonomous Vehicle (""Waymo AV"") operating in Tempe, Arizona was in a collision involving a SUV on W. Broadway Road at Priest Drive. 
The Waymo AV was stopped facing east in the fourth to the right lane on W. Broadway Road in a queue of traffic for a red light at the intersection with Priest Drive. An SUV was stopped facing east in the adjacent designated left turn lane to the left of the Waymo AV. As the light turned green and the Waymo AV began to proceed forward, a passenger in the SUV opened the front right side door, and the open front right side door of the SUV made contact with the rear left side of the Waymo AV. At the time of the impact, the Waymo AV's Level 4 ADS was engaged in autonomous mode. The Waymo AV sustained damage.

Waymo is reporting this crash under Request No. 2 of Standing General Order 2021-01. Waymo may supplement or correct its reporting with additional information as it may become available.", ,"After June 16, 2025 (Amendment 3)",Y, ,"5th Generation ADS, Version 10", ,Verified Engaged, , , , , , , ,Y, , , , , , , , , , ,Likely newer than hub update cycle (post-June 2025)
30270-11889,1,Waymo LLC,Monthly,10.0,2025.0,NOV-2025,SADHW2S15R1,,[MAY CONTAIN PERSONALLY IDENTIFIABLE INFORMATION],JAGUAR,I-PACE, ,2024.0, ,eb8b996a36032ba,,,In-Vehicle (Commercial / Test),,,,,,,,,,,,,,,,,,,,ADS,Waymo LLC, , ,Y, , , , ,,,OCT-2025, ,,09:15, ,3bfb14dae270f00,[MAY CONTAIN PERSONALLY IDENTIFIABLE INFORMATION], ,[MAY CONTAIN PERSONALLY IDENTIFIABLE INFORMATION], ,[MAY CONTAIN PERSONALLY IDENTIFIABLE INFORMATION], ,Phoenix, ,AZ,[MAY CONTAIN PERSONALLY IDENTIFIABLE INFORMATION], ,Highway / Freeway,,,,,, , , , , , ,,,,"Other, see Narrative",No Injured Reported,,"Other, see Narrative",,, , , , , , , , , , ,Y,Proceeding Straight,"No Subject Vehicle, No Crash Partner","No Subject Vehicle, No Crash Partner",Subject Vehicle - All Belted,47.0, , , , , , , , , ,Y, , , , ,Y, ,Y, , , ,,, ,,,,,,,,Yes, ,"On October 9, 2025 at 9:15 AM MT a Waymo Autonomous Vehicle (""Waymo AV"") operating in Phoenix, Arizona was in a collision involving a trash can on State Route 202 Red Mountain Freeway near Exit 4. 
The Waymo AV was traveling northbound on State Route 202 Red Mountain Freeway in the rightmost lane. A pickup truck that was traveling northbound on State Route 202 in the third from the right lane made contact with a trash can that was in the roadway. The trash can deflected off the pickup truck and rolled across the roadway. As the trash can was entering the Waymo AV's lane of travel, the test driver transitioned the Waymo AV to manual mode and began to maneuver to the right and the trash can made contact with the front of the Waymo AV. At the time of the impact, the Waymo AV's Level 4 ADS was not engaged and a test driver was operating the Waymo AV in manual mode. The Waymo AV sustained damage.

Waymo is reporting this crash under Request No. 2 of Standing General Order 2021-01. Waymo may supplement or correct its reporting with additional information as it may become available.", ,"After June 16, 2025 (Amendment 3)",Y, ,"5th Generation ADS, Version 10", ,Verified Not Engaged, , , , , , , ,Y, , , , , ,Y, , , , ,Likely newer than hub update cycle (post-June 2025)
30270-11892,1,Waymo LLC,5-Day,,,OCT-2025,SADHW2S16R1,,,JAGUAR,I-PACE, ,2024.0, ,a16d9f705417782,,,,,,,,,,,,,,,,,,,,,,,ADS,Waymo LLC, , ,Y, , , , ,,,OCT-2025, ,,14:20, ,8c29f7beadd4b77,[MAY CONTAIN PERSONALLY IDENTIFIABLE INFORMATION], ,[MAY CONTAIN PERSONALLY IDENTIFIABLE INFORMATION], ,[MAY CONTAIN PERSONALLY IDENTIFIABLE INFORMATION], ,Austin, ,TX,[MAY CONTAIN PERSONALLY IDENTIFIABLE INFORMATION], ,Street,,,,,,Y, , , , , ,,,,SUV,Property Damage. No Injured Reported,,Changing Lanes,,, , , , , ,Y, , , , , ,Proceeding Straight,"No Subject Vehicle, No Crash Partner","Yes Subject Vehicle, No Crash Partner",Subject Vehicle - All Belted,28.0, , , , , , , , ,Y, , , , , ,Y, ,Y, , , ,,, ,,,,,,,,Yes, ,"On October 13, 2025 at 2:20 PM CT a Waymo Autonomous Vehicle (""Waymo AV"") operating in Austin, Texas was in a collision involving an SUV on S. 1st Street near Barton Springs Road.
The Waymo AV was traveling southwestbound on S. 1st Street in the left lane. An SUV exited the parking lot at 601 Barton Springs Road onto the right lane of southwestbound S. 1st Street in front of and to the right of the Waymo AV and proceeded to cross the dashed white lane line and enter the Waymo AV's lane of travel. The Waymo AV began braking and maneuvered to the left, and the front left side of the SUV made contact with the right side of the Waymo AV. At the time of the impact, the Waymo AV's Level 4 ADS was engaged in autonomous mode. Both vehicles sustained damage.

Waymo is reporting this crash under Request No. 1 of Standing General Order 2021-01 because a vehicle involved was towed away. Waymo may supplement or correct its reporting with additional information as it may become available.", ,"After June 16, 2025 (Amendment 3)",Y, ,"5th Generation ADS, Version 10", ,Verified Engaged, , , , , , , ,Y, , , , , , , , , , ,Likely newer than hub update cycle (post-June 2025)
30270-11905,1,Waymo LLC,5-Day,,,OCT-2025,SADHW2S12R1,,,JAGUAR,I-PACE, ,2024.0, ,3ce0e4d09f01ed3,,,,,,,,,,,,,,,,,,,,,,,ADS,Waymo LLC, , ,Y, , , , ,,,OCT-2025, ,,18:56, ,a2201a001fcc54d,[MAY CONTAIN PERSONALLY IDENTIFIABLE INFORMATION], ,[MAY CONTAIN PERSONALLY IDENTIFIABLE INFORMATION], ,[MAY CONTAIN PERSONALLY IDENTIFIABLE INFORMATION], ,Phoenix, ,AZ,[MAY CONTAIN PERSONALLY IDENTIFIABLE INFORMATION], ,Parking Lot,,,,,,Y, , , , , ,,,,Heavy Truck,Property Damage. No Injured Reported,,Making Right Turn,,, , , , , , , ,Y, , , ,Stopped,"No Subject Vehicle, No Crash Partner","Yes Subject Vehicle, No Crash Partner",Subject Vehicle - No Passenger In Vehicle,0.0, , , , , , ,Y, , , , , , , ,Y, ,Y, , , ,,, ,,,,,,,,Yes, ,"On October 15, 2025 at 6:56 PM MT a Waymo Autonomous Vehicle (""Waymo AV"") operating in Phoenix, Arizona was in a collision involving a heavy truck in a parking lot at 291 E. Buckeye Road. 
The Waymo AV was traveling east in a parking lot located at 291 E. Buckeye Road when it approached a stopped heavy truck and trailer that was positioned facing north in the left-hand side of the parking lot exit lane. The Waymo AV made a left turn in the parking lot and came to a stop facing north alongside the heavy truck in the right-hand side of the parking lot exit lane when the semi tractor-trailer initiated a right turn onto eastbound E. Buckeye Road from the entrance lane of the parking lot driveway. The right side of the trailer made contact with the front left side of the stationary Waymo AV. At the time of the impact, the Waymo AV's Level 4 ADS was engaged in autonomous mode. The Waymo AV sustained damage.

Waymo is reporting this crash under Request No. 1 of Standing General Order 2021-01. because a vehicle involved was towed away. Waymo may supplement or correct its reporting with additional information as it may become available. Waymo may supplement or correct its reporting with additional information as it may become available.", ,"After June 16, 2025 (Amendment 3)",Y, ,"5th Generation ADS, Version 10", ,Verified Engaged, , , , , , , ,Y, , , , , , , , , , ,Likely newer than hub update cycle (post-June 2025)
30270-11908,1,Waymo LLC,5-Day,,,OCT-2025,SADHW2S18M1,,,JAGUAR,I-PACE, ,2021.0, ,036f698e741faac,,,,,,,,,,,,,,,,,,,,,,,ADS,Waymo LLC, , ,Y, , , , ,,,OCT-2025, ,,09:06, ,d47748c82ed906a,[MAY CONTAIN PERSONALLY IDENTIFIABLE INFORMATION], ,[MAY CONTAIN PERSONALLY IDENTIFIABLE INFORMATION], ,[MAY CONTAIN PERSONALLY IDENTIFIABLE INFORMATION], ,Tempe, ,AZ,[MAY CONTAIN PERSONALLY IDENTIFIABLE INFORMATION], ,Intersection,,,,,,Y, , , , , ,,,,SUV,Minor W/O Hospitalization,,Changing Lanes,,, , , , , ,Y, , , , , ,Proceeding Straight,"No Subject Vehicle, No Crash Partner","Yes Subject Vehicle, No Crash Partner",Subject Vehicle - All Belted,36.0, ,Y, , , , , , , , , , , , ,Y, ,Y, , , ,,Tempe Police Department, ,,,,,,,,Yes, ,"On October 16, 2025 at 9:06 AM MT a Waymo Autonomous Vehicle (""Waymo AV"") operating in Tempe, Arizona was in a collision involving an SUV on E. Southern Avenue at N. Price Road. 
The Waymo AV was traveling westbound in the leftmost lane on E. Southern Avenue and proceeding straight at a green light at the intersection with N. Price Road. As the Waymo AV entered the intersection, an SUV traveling westbound in the second to the left lane on E. Southern Avenue slowed and maneuvered left into the Waymo AV's lane of travel. The front left side of the SUV made contact with the right rear side of the Waymo AV. At the time of the impact, the Waymo AV's Level 4 ADS was engaged in autonomous mode. Both vehicles sustained damage. The passenger in the Waymo AV alleged a minor injury.

Waymo is reporting this crash under Request No. 1 of Standing General Order 2021-01 because a vehicle involved was towed away. Waymo may supplement or correct its reporting with additional information as it may become available.", ,"After June 16, 2025 (Amendment 3)",Y, ,"5th Generation ADS, Version 10", ,Verified Engaged, , , , , , , ,Y, , , , , , , , , , ,Likely newer than hub update cycle (post-June 2025)