Report ID,Report Version,Reporting Entity,Report Type,Report Month,Report Year,Report Submission Date,VIN,VIN - Unknown,Serial Number,Make,Model,Model - Unknown,Model Year,Model Year - Unknown,Same Vehicle ID,Mileage,Mileage - Unknown,Driver / Operator Type,ADAS/ADS System Version,ADAS/ADS System Version - Unk,ADAS/ADS System Version CBI,ADAS/ADS Hardware Version,ADAS/ADS Hardware Version - Unk,ADAS/ADS Hardware Version CBI,ADAS/ADS Software Version,ADAS/ADS Software Version - Unk,ADAS/ADS Software Version CBI,Other Reporting Entities?,Other Reporting Entities? - Unk,Other Reporting Entities? - NA,Federal Regulatory Exemption?,Other Federal Reg. Exemption,Federal Reg. Exemption - Unk,Federal Reg. Exemption - No,State or Local Permit?,State or Local Permit,ADS Equipped?,Automation System Engaged?,Operating Entity,Operating Entity - Unknown,Source - Complaint/Claim,Source - Telematics,Source - Law Enforcement,Source - Field Report,Source - Testing,Source - Media,Source - Other,Source - Other Text,Incident Date,Incident Date - Unknown,Notice Received Date,Incident Time (24:00),Incident Time - Unknown,Same Incident ID,Latitude,Latitude - Unknown,Longitude,Longitude - Unknown,Address,Address - Unknown,City,City - Unknown,State,Zip Code,Zip Code - Unknown,Roadway Type,Roadway Surface,Roadway Description,Posted Speed Limit (MPH),Posted Speed Limit - Unknown,Lighting,Weather - Clear,Weather - Snow,Weather - Cloudy,Weather - Fog/Smoke/Haze,Weather - Rain,Weather - Severe Wind,Weather - Unknown,Weather - Other,Weather - Other Text,Crash With,Highest Injury Severity Alleged,Property Damage?,CP Pre-Crash Movement,CP Any Air Bags Deployed?,CP Was Vehicle Towed?,CP Contact Area - Rear Left,CP Contact Area - Left,CP Contact Area - Front Left,CP Contact Area - Rear,CP Contact Area - Top,CP Contact Area - Front,CP Contact Area - Rear Right,CP Contact Area - Right,CP Contact Area - Front Right,CP Contact Area - Bottom,CP Contact Area - Unknown,SV Pre-Crash Movement,Any Air Bags Deployed?,Was Any Vehicle Towed?,Were All Passengers Belted?,SV Precrash Speed (MPH),SV Pre-crash Speed - Unknown,SV Contact Area - Rear Left,SV Contact Area - Left,SV Contact Area - Front Left,SV Contact Area - Rear,SV Contact Area - Top,SV Contact Area - Front,SV Contact Area - Rear Right,SV Contact Area - Right,SV Contact Area - Front Right,SV Contact Area - Bottom,SV Contact Area - Unknown,Data Availability - EDR,Data Availability - Police Rpt,Data Availability - Telematics,Data Availability - Complaints,Data Availability - Video,Data Availability - Other,Data Availability - No Data,Data Availability - Unknown,Law Enforcement Investigating?,Investigating Agency,Investigating Agency - Unknown,Rep Ent Or Mfr Investigating?,Investigating Officer Name,Inv. Officer Name - Unknown,Investigating Officer Phone,Inv. Officer Phone - Unknown,Investigating Officer Email,Inv. Officer Email - Unknown,Within ODD?,Within ODD? - CBI,Narrative,Narrative - CBI?,Data Period,VIN Decoded,Make - Unknown,Automation Feature Version,Automation Feature Version CBI,Engagement Status,Source - Internal Process Review,Source - NHTSA VOQ,Source - Other - See Narrative,Source - Other Entity,Source - State or Other Agency,Roadway-Degraded Surface,Roadway-Missing/Degraded Marking,Roadway-No Unusual Conditions,Roadway-Other-See Narrative,Roadway-Traffic Incident,Roadway-Unknown,Roadway-Wet Surface Condition,Roadway-Work Zone,Weather - Partly Cloudy,Weather - Dust Storm,Weather - Severe Hurricane,Weather - Structure-Indoor,Weather - Unk - See Narrative,Reason Not In Hub
30270-1192,1,Waymo LLC,1-Day,,,SEP-2021,2C4RC1K78HR, ,,Chrysler,Pacifica, ,2017.0, ,885ecf217c72a7b,120958.0, ,In-Vehicle (Commercial / Test),4th Generation ADS, , ,, , ,, , ,, , ,,, , ,,,Yes,ADS,Waymo LLC, , ,Y, , , , , ,,SEP-2021, ,SEP-2021,13:54, ,857232881f1c3c0,[MAY CONTAIN PERSONALLY IDENTIFIABLE INFORMATION], ,[MAY CONTAIN PERSONALLY IDENTIFIABLE INFORMATION], ,[MAY CONTAIN PERSONALLY IDENTIFIABLE INFORMATION], ,Tempe, ,AZ ,,Y,Street,Dry,No Unusual Conditions,45.0, ,Daylight,Y, , , , , , , ,,Pickup Truck,No Injuries Reported,Yes,Making Left Turn,Unknown,Unknown, ,Y, , , , , , , , , ,Stopped,No,Yes,Yes,0.0, ,Y, , , , , , , , , , , , ,Y, ,Y,Y, , ,No,, ,Yes,, ,, ,, ,Yes, ,"On September [XXX], 2021 at 1:54 PM PDT, a Waymo Autonomous Vehicle ('Waymo AV') operating in Tempe, AZ was in a collision involving a pickup truck on [XXX] near [XXX]. While in autonomous mode, the Waymo AV began to enter the right lane of a protected double left turn lane ('Lane 2') from northbound [XXX] to westbound [XXX]. A pickup truck heading southbound on [XXX] had completely crossed the double-yellow lines of the northbound double left turn lanes and positioned itself in the left lane of the double turn lane ('Lane 1') facing the wrong direction against traffic and was preparing to make a left turn across Lane 2 and the other two northbound lanes into a shopping center parking lot on the east side of [XXX]. 
The Waymo AV was traveling in Lane 2 when the pickup truck began to initiate its left turn from Lane 1. The Waymo AV braked, and the trained human driver in the Waymo AV (in the driver's seating position), transitioned the vehicle from autonomous to manual mode. As the pickup truck made the left turn, the driver's side panels of the pickup truck made contact with the driver's side rear corner of the Waymo AV causing moderate damage to the Waymo AV. Damage to the pickup is currently unknown. At the time of contact, the Waymo AV was in manual mode.
Waymo is reporting this crash under Request No. 1 of Standing General Order 2021-01 because the Waymo AV was towed from the scene. Waymo may supplement or correct its reporting with additional information as it may become available. This report was submitted from the Pacific time zone on the required date.", ,"Prior to June 16, 2025 (Amendment 2)",,,,,,,,,,,,,,,,,,,,,,,,Likely excluded by Waymo hub methodology (pre-June 2025)
30270-11929,1,Waymo LLC,5-Day,,,OCT-2025,SADHW2S17R1,,,JAGUAR,I-PACE, ,2024.0, ,5137be5e956e985,,,,,,,,,,,,,,,,,,,,,,,ADS,Waymo LLC, , ,Y, , , , ,,,OCT-2025, ,,07:48, ,338c89efb1b5863,[MAY CONTAIN PERSONALLY IDENTIFIABLE INFORMATION], ,[MAY CONTAIN PERSONALLY IDENTIFIABLE INFORMATION], ,[MAY CONTAIN PERSONALLY IDENTIFIABLE INFORMATION], ,Phoenix, ,AZ,[MAY CONTAIN PERSONALLY IDENTIFIABLE INFORMATION], ,Intersection,,,,,,Y, , , , , ,,,,Passenger Car,Property Damage. No Injured Reported,,Proceeding Straight,,, , , , , , , , ,Y, , ,Stopped,"No Subject Vehicle, No Crash Partner","Yes Subject Vehicle, No Crash Partner",Subject Vehicle - No Passenger In Vehicle,0.0, , , , , , , ,Y, , , , , , ,Y, ,Y, , , ,,, ,,,,,,,,Yes, ,"On October 17, 2025 at 7:48 AM MT a Waymo Autonomous Vehicle (""Waymo AV"") operating in Phoenix, Arizona was in a collision involving a passenger car on N. 32nd Street at E. Roosevelt Street. 
The Waymo AV was stopped facing north in the rightmost lane on N. 32nd Street in a queue of traffic for a red light at the intersection at E. Roosevelt Street. A passenger car traveling northbound in the rightmost lane on N. 32nd Street slowed to a stop directly behind the Waymo AV. After the traffic light turned green and traffic ahead advanced, the Waymo AV proceeded a short distance and came to a stop before entering the intersection, as it detected a siren from an emergency vehicle. The passenger car also proceeded forward initially and then came to a stop to yield to the Waymo AV. While the Waymo AV and the passenger car remained stopped, a second passenger car traveling northbound on N. 32nd Street approached the first passenger car from behind and the front of the second passenger car made contact with the rear of the first passenger car. The front of the first passenger car then made contact with the rear of the stationary Waymo AV. At the time of the impact, the Waymo AV's Level 4 ADS was engaged in autonomous mode. The Waymo AV, the first passenger car, and the second passenger car sustained damage.

Waymo is reporting this crash under Request No. 1 of Standing General Order 2021-01 because a vehicle involved was towed away. Waymo may supplement or correct its reporting with additional information as it may become available.", ,"After June 16, 2025 (Amendment 3)",Y, ,"5th Generation ADS, Version 10", ,Verified Engaged, , , , , , , ,Y, , , , , , , , , , ,Likely newer than hub update cycle (post-June 2025)
30270-11930,1,Waymo LLC,5-Day,,,OCT-2025,SADHW2S12R1,,,JAGUAR,I-PACE, ,2024.0, ,bcec9a9a78bd8e4,,,,,,,,,,,,,,,,,,,,,,,ADS,Waymo LLC, , ,Y, , , , ,,,OCT-2025, ,,17:12, ,d3dfc77224865c3,[MAY CONTAIN PERSONALLY IDENTIFIABLE INFORMATION], ,[MAY CONTAIN PERSONALLY IDENTIFIABLE INFORMATION], ,[MAY CONTAIN PERSONALLY IDENTIFIABLE INFORMATION], ,Phoenix, ,AZ,[MAY CONTAIN PERSONALLY IDENTIFIABLE INFORMATION], ,Street,,,,,,Y, , , , , ,,,,Pickup Truck,Property Damage. No Injured Reported,,Proceeding Straight,,, , , , , , , , ,Y, , ,Stopped,"No Subject Vehicle, No Crash Partner","Yes Subject Vehicle, No Crash Partner",Subject Vehicle - All Belted,0.0, , , , , , , ,Y, , , , , , ,Y, ,Y, , , ,,, ,,,,,,,,Yes, ,"On October 19, 2025 at 5:12 PM MT a Waymo Autonomous Vehicle (""Waymo AV"") operating in Phoenix, Arizona was in a collision involving a pickup truck on E. McDowell Road at N. 52nd Street. 
The Waymo AV was stopped facing west in the third to the right lane on E. McDowell Road in a queue of traffic for a red light at the intersection with N. 52nd Street. While the Waymo AV remained stopped, a pickup truck traveling westbound on E. McDowell Road approached the Waymo AV from behind and the front of the pickup truck made contact with the rear of the stationary Waymo AV. At the time of the impact, the Waymo AV's Level 4 ADS was engaged in autonomous mode. Both vehicles sustained damage.

Waymo is reporting this crash under Request No. 1 of Standing General Order 2021-01 because a vehicle involved was towed away. Waymo may supplement or correct its reporting with additional information as it may become available.", ,"After June 16, 2025 (Amendment 3)",Y, ,"5th Generation ADS, Version 10", ,Verified Engaged, , , , , , , ,Y, , , , , , , , , , ,Likely newer than hub update cycle (post-June 2025)
30270-11932,1,Waymo LLC,Monthly,10.0,2025.0,NOV-2025,SADHW2S17R1,,[MAY CONTAIN PERSONALLY IDENTIFIABLE INFORMATION],JAGUAR,I-PACE, ,2024.0, ,9c232066e8bf4bf,,,,,,,,,,,,,,,,,,,,,,,ADS,Waymo LLC, , ,Y, , , , ,,,OCT-2025, ,,11:09, ,16835e3fd4b2213,[MAY CONTAIN PERSONALLY IDENTIFIABLE INFORMATION], ,[MAY CONTAIN PERSONALLY IDENTIFIABLE INFORMATION], ,[MAY CONTAIN PERSONALLY IDENTIFIABLE INFORMATION], ,Austin, ,TX,[MAY CONTAIN PERSONALLY IDENTIFIABLE INFORMATION], ,Parking Lot,,,,,,Y, , , , , ,,,,SUV,Property Damage. No Injured Reported,,Backing,,, , , , , , ,Y, , , , ,Stopped,"No Subject Vehicle, No Crash Partner","No Subject Vehicle, No Crash Partner",Subject Vehicle - No Passenger In Vehicle,0.0, , , , , , ,Y, , , , , , , ,Y, ,Y, , , ,,, ,,,,,,,,Yes, ,"On October 12, 2025 at 11:09 AM CT a Waymo Autonomous Vehicle (""Waymo AV"") operating in Austin, Texas was in a collision involving an SUV in the parking lot at 2043 S. Lamar Boulevard.
In the parking lot at 2043 S. Lamar Boulevard,  the Waymo AV was proceeding slowly behind an SUV traveling northbound. The SUV then came to a stop facing north, and the Waymo AV came to a stop to yield to the stopped SUV. While the Waymo AV remained stopped, the SUV reversed and the rear of the SUV made contact with the front of the stationary Waymo AV. At the time of the impact, the Waymo AV's Level 4 ADS was engaged in autonomous mode. The Waymo AV sustained damage.

Waymo is reporting this crash under Request No. 2 of Standing General Order 2021-01. Waymo may supplement or correct its reporting with additional information as it may become available.", ,"After June 16, 2025 (Amendment 3)",Y, ,"5th Generation ADS, Version 10", ,Verified Engaged, , , , , , , ,Y, , , , , , , , , , ,Likely newer than hub update cycle (post-June 2025)
30270-11933,1,Waymo LLC,Monthly,10.0,2025.0,NOV-2025,SADHW2S16R1,,[MAY CONTAIN PERSONALLY IDENTIFIABLE INFORMATION],JAGUAR,I-PACE, ,2024.0, ,34456c5a47af658,,,,,,,,,,,,,,,,,,,,,,,ADS,Waymo LLC, , ,Y, , , , ,,,OCT-2025, ,,12:52, ,9ad4bcde541a63c,[MAY CONTAIN PERSONALLY IDENTIFIABLE INFORMATION], ,[MAY CONTAIN PERSONALLY IDENTIFIABLE INFORMATION], ,[MAY CONTAIN PERSONALLY IDENTIFIABLE INFORMATION], ,Phoenix, ,AZ,[MAY CONTAIN PERSONALLY IDENTIFIABLE INFORMATION], ,Street,,,,,,Y, , , , , ,,,,SUV,Property Damage. No Injured Reported,,Changing Lanes,,, , , , , ,Y, , , , , ,Proceeding Straight,"No Subject Vehicle, No Crash Partner","No Subject Vehicle, No Crash Partner",Subject Vehicle - No Passenger In Vehicle,40.0, , , , , , , , ,Y, , , , , ,Y, ,Y, , , ,,Phoenix Police Department, ,,,,,,,,Yes, ,"On October 6, 2025 at 12:52 PM MT a Waymo Autonomous Vehicle (""Waymo AV"") operating in Phoenix, Arizona was in a collision involving an SUV on W. Broadway Road near S. 6th Avenue. 
The Waymo AV was traveling eastbound on W. Broadway Road in the leftmost lane. An SUV was traveling eastbound, ahead of and to the right of the Waymo AV in the center lane on W. Broadway Road. As the Waymo AV continued to proceed straight and approached the SUV, the SUV slowed and maneuvered left without activating a turn signal, crossing the dashed white lane line and entering the Waymo AV's lane of travel. The front left side of the SUV made contact with the right side of the Waymo AV. At the time of the impact, the Waymo AV's Level 4 ADS was engaged in autonomous mode. Both vehicles sustained damage.

Waymo is reporting this crash under Request No. 1 of Standing General Order 2021-01. Waymo may supplement or correct its reporting with additional information as it may become available.", ,"After June 16, 2025 (Amendment 3)",Y, ,"5th Generation ADS, Version 10", ,Verified Engaged, , , , , , , ,Y, , , , , , , , , , ,Likely newer than hub update cycle (post-June 2025)
30270-11954,1,Waymo LLC,Monthly,10.0,2025.0,NOV-2025,SADHW2S10R1,,[MAY CONTAIN PERSONALLY IDENTIFIABLE INFORMATION],JAGUAR,I-PACE, ,2024.0, ,be1f3912f0bc859,,,,,,,,,,,,,,,,,,,,,,,ADS,Waymo LLC, , ,Y, , , , ,,,OCT-2025, ,,14:45, ,07dd31c59257efb,[MAY CONTAIN PERSONALLY IDENTIFIABLE INFORMATION], ,[MAY CONTAIN PERSONALLY IDENTIFIABLE INFORMATION], ,[MAY CONTAIN PERSONALLY IDENTIFIABLE INFORMATION], ,Austin, ,TX,[MAY CONTAIN PERSONALLY IDENTIFIABLE INFORMATION], ,Street,,,,,,Y, , , , , ,,,,Bus,Property Damage. No Injured Reported,,Changing Lanes,,, , , , , , , ,Y, , , ,Stopped,"No Subject Vehicle, No Crash Partner","No Subject Vehicle, No Crash Partner",Subject Vehicle - Not Belted - see Narrative,0.0, , , , ,Y, , , , , , , , , ,Y, ,Y, , , ,,, ,,,,,,,,Yes, ,"On October 13, 2025 at 2:45 PM CT a Waymo Autonomous Vehicle (""Waymo AV"") operating in Austin, Texas was in a collision involving a bus on E. 11th Street near S. I-35 Frontage Road. 
The Waymo AV was traveling northwestbound on E. 11th Street in the right lane with its right turn signal activated when it slowed to a stop in-lane for a passenger drop-off with hazard lights activated. A bus that was traveling behind the Waymo AV in the right lane proceeded to change lanes to the left lane and the right side of the bus made contact with the left rear side of the stationary Waymo AV. The passenger in the Waymo AV was not belted at the time of the collision, as they were preparing to exit the Waymo AV. At the time of the impact, the Waymo AV's Level 4 ADS was engaged in autonomous mode. The Waymo AV sustained damage.

Waymo is reporting this crash under Request No. 2 of Standing General Order 2021-01. Waymo may supplement or correct its reporting with additional information as it may become available.", ,"After June 16, 2025 (Amendment 3)",Y, ,"5th Generation ADS, Version 10", ,Verified Engaged, , , , , , , ,Y, , , , , , , , , , ,Likely newer than hub update cycle (post-June 2025)
30270-11957,1,Waymo LLC,Monthly,10.0,2025.0,NOV-2025,SADHW2S12R1,,[MAY CONTAIN PERSONALLY IDENTIFIABLE INFORMATION],JAGUAR,I-PACE, ,2024.0, ,8842a1f0a42ec07,,,,,,,,,,,,,,,,,,,,,,,ADS,Waymo LLC, , ,Y, , , , ,,,OCT-2025, ,,18:00, ,0744f69d86405c7,[MAY CONTAIN PERSONALLY IDENTIFIABLE INFORMATION], ,[MAY CONTAIN PERSONALLY IDENTIFIABLE INFORMATION], ,[MAY CONTAIN PERSONALLY IDENTIFIABLE INFORMATION], ,Austin, ,TX,[MAY CONTAIN PERSONALLY IDENTIFIABLE INFORMATION], ,Street,,,,,, , ,Y, , , ,,,,Heavy Truck,Property Damage. No Injured Reported,,Proceeding Straight,,, , ,Y, , , , , , , , ,Stopped,"No Subject Vehicle, No Crash Partner","No Subject Vehicle, No Crash Partner",Subject Vehicle - No Passenger In Vehicle,0.0, , , , , , ,Y, , , , , , , ,Y, ,Y, , , ,,, ,,,,,,,,Yes, ,"On October 16, 2025 at 6:00 PM CT a Waymo Autonomous Vehicle (""Waymo AV"") operating in Austin, Texas was in a collision involving a heavy truck on Montopolis Drive near Burleson Road.
The Waymo AV was stopped facing southwest in the rightmost lane on Montopolis Drive when it activated its left turn signal and proceeded to change lanes to the second from the right lane. While changing lanes, the Waymo AV came to a stop, partially in the rightmost lane and partially in the second to the right  lane, to yield to traffic ahead and a heavy truck that was stopped facing southwest in the adjacent lane behind and to the left of the Waymo AV. The heavy truck proceeded forward momentarily and then stopped. As traffic ahead advanced, the heavy truck proceeded forward and the front right side of the heavy truck made contact with the front left side of the stationary Waymo AV. At the time of the impact, the Waymo AV's Level 4 ADS was engaged in autonomous mode. Both vehicles sustained damage.

Waymo is reporting this crash under Request No. 2 of Standing General Order 2021-01. Waymo may supplement or correct its reporting with additional information as it may become available.", ,"After June 16, 2025 (Amendment 3)",Y, ,"5th Generation ADS, Version 10", ,Verified Engaged, , , , , , , ,Y, , , , , , , , , , ,Likely newer than hub update cycle (post-June 2025)
30270-11958,1,Waymo LLC,Monthly,10.0,2025.0,NOV-2025,SADHW2S16R1,,[MAY CONTAIN PERSONALLY IDENTIFIABLE INFORMATION],JAGUAR,I-PACE, ,2024.0, ,0f445a2c5539057,,,,,,,,,,,,,,,,,,,,,,,ADS,Waymo LLC, , ,Y, , , , ,,,OCT-2025, ,,07:33, ,f68620b65cc51a1,[MAY CONTAIN PERSONALLY IDENTIFIABLE INFORMATION], ,[MAY CONTAIN PERSONALLY IDENTIFIABLE INFORMATION], ,[MAY CONTAIN PERSONALLY IDENTIFIABLE INFORMATION], ,Austin, ,TX,[MAY CONTAIN PERSONALLY IDENTIFIABLE INFORMATION], ,Street,,,,,,Y, , , , , ,,,,Bus,Property Damage. No Injured Reported,,Backing,,, , , , , , ,Y, , , , ,Stopped,"No Subject Vehicle, No Crash Partner","No Subject Vehicle, No Crash Partner",Subject Vehicle - All Belted,0.0, , , , , , , , , ,Y, , , , ,Y, ,Y, , , ,,, ,,,,,,,,Yes, ,"On October 19, 2025 at 7:33 AM CT a Waymo Autonomous Vehicle (""Waymo AV"") operating in Austin, Texas was in a collision involving a bus on S. 1st Street near Barton Springs Road. 
The Waymo AV was stopped in a queue of traffic that was stopped facing northeast in the rightmost lane on S. 1st Street at the intersection with Barton Springs Road. While the Waymo AV remained stationary, a bus reversed and the rear of the bus made contact with the front of the Waymo AV. At the time of the impact, the Waymo AV's Level 4 ADS was engaged in autonomous mode. The Waymo AV sustained damage.

Waymo is reporting this crash under Request No. 2 of Standing General Order 2021-01. Waymo may supplement or correct its reporting with additional information as it may become available.", ,"After June 16, 2025 (Amendment 3)",Y, ,"5th Generation ADS, Version 10", ,Verified Engaged, , , , , , , ,Y, , , , , , , , , , ,Likely newer than hub update cycle (post-June 2025)
30270-11960,1,Waymo LLC,Monthly,10.0,2025.0,NOV-2025,SADHW2S10R1,,[MAY CONTAIN PERSONALLY IDENTIFIABLE INFORMATION],JAGUAR,I-PACE, ,2024.0, ,9b1c2b407c22e12,,,,,,,,,,,,,,,,,,,,,,,ADS,Waymo LLC, , ,Y, , , , ,,,OCT-2025, ,,17:51, ,738ba1de6b64e78,[MAY CONTAIN PERSONALLY IDENTIFIABLE INFORMATION], ,[MAY CONTAIN PERSONALLY IDENTIFIABLE INFORMATION], ,[MAY CONTAIN PERSONALLY IDENTIFIABLE INFORMATION], ,Phoenix, ,AZ,[MAY CONTAIN PERSONALLY IDENTIFIABLE INFORMATION], ,Parking Lot,,,,,,Y, , , , , ,,,,Passenger Car,Property Damage. No Injured Reported,,Passing,,, , , , , , , ,Y, , , ,Stopped,"No Subject Vehicle, No Crash Partner","No Subject Vehicle, No Crash Partner",Subject Vehicle - Not Belted - see Narrative,0.0, , ,Y, , , , , , , , , , , ,Y, ,Y, , , ,,, ,,,,,,,,Yes, ,"On October 21, 2025 at 5:51 PM MT a Waymo Autonomous Vehicle (""Waymo AV"") operating in Phoenix, Arizona was in a collision involving a passenger car in a parking lot at 3402 N. Central Avenue. 
The Waymo AV came to a stop facing east in a parking lot at 3402 N. Central Avenue for a passenger drop-off. While the Waymo AV was stopped, a passenger car that had been traveling directly behind the Waymo AV began to maneuver around the Waymo AV to the left. As the passenger car was passing the Waymo AV, the passenger in the Waymo AV proceeded to open the rear left door of the Waymo AV, and the right side mirror of the passenger car made contact with the open rear left side door of the Waymo AV. At the time of the impact, the Waymo AV's Level 4 ADS was engaged in autonomous mode. Both vehicles sustained damage. The passengers in the Waymo AV were not belted at the time of the collision, as they were preparing to exit the vehicle.

Waymo is reporting this crash under Request No. 2 of Standing General Order 2021-01. Waymo may supplement or correct its reporting with additional information as it may become available.", ,"After June 16, 2025 (Amendment 3)",Y, ,"5th Generation ADS, Version 10", ,Verified Engaged, , , , , , , ,Y, , , , , , , , , , ,Likely newer than hub update cycle (post-June 2025)
30270-11987,1,Waymo LLC,5-Day,,,OCT-2025,SADHW2S1XR1,,,JAGUAR,I-PACE, ,2024.0, ,e4eadb78f24f1ec,,,,,,,,,,,,,,,,,,,,,,,ADS,Waymo LLC, , ,Y, , , , ,,,OCT-2025, ,,10:57, ,e2d1fb0db303f75,[MAY CONTAIN PERSONALLY IDENTIFIABLE INFORMATION], ,[MAY CONTAIN PERSONALLY IDENTIFIABLE INFORMATION], ,[MAY CONTAIN PERSONALLY IDENTIFIABLE INFORMATION], ,Phoenix, ,AZ,[MAY CONTAIN PERSONALLY IDENTIFIABLE INFORMATION], ,Intersection,,,,,,Y, , , , , ,,,,Pickup Truck,Property Damage. No Injured Reported,,Proceeding Straight,,, , , , , , , , ,Y, , ,Stopped,"No Subject Vehicle, No Crash Partner","Yes Subject Vehicle, No Crash Partner",Subject Vehicle - No Passenger In Vehicle,0.0, , , , , , , ,Y, , , , , , ,Y, ,Y, , , ,,Phoenix Police Department, ,,,,,,,,Yes, ,"On October 23, 2025 at 10:57 AM MT a Waymo Autonomous Vehicle (""Waymo AV"") operating in Phoenix, Arizona was in a collision involving a pickup truck on S. 32nd Street at E. Wood Street. 
The Waymo AV was stopped facing north in the rightmost lane on S. 32nd Street for a red light at the intersection at E. Wood Street. While the Waymo AV remained stopped, a pickup truck that was stopped directly behind the Waymo AV proceeded forward, and the front of the pickup truck made contact with the rear of the stationary Waymo AV. At the time of the impact, the Waymo AV's Level 4 ADS was engaged in autonomous mode. Both vehicles sustained damage.

Waymo is reporting this crash under Request No. 1 of Standing General Order 2021-01 because a vehicle involved was towed away. Waymo may supplement or correct its reporting with additional information as it may become available.", ,"After June 16, 2025 (Amendment 3)",Y, ,"5th Generation ADS, Version 10", ,Verified Engaged, , , , , , , ,Y, , , , , , , , , , ,Likely newer than hub update cycle (post-June 2025)
30270-11991,1,Waymo LLC,5-Day,,,OCT-2025,SADHW2S15R1,,,JAGUAR,I-PACE, ,2024.0, ,e460e2082dd0af4,,,In-Vehicle (Commercial / Test),,,,,,,,,,,,,,,,,,,,ADS,Waymo LLC, , ,Y, , , , ,,,OCT-2025, ,,17:38, ,b306c8f759ea3de,[MAY CONTAIN PERSONALLY IDENTIFIABLE INFORMATION], ,[MAY CONTAIN PERSONALLY IDENTIFIABLE INFORMATION], ,[MAY CONTAIN PERSONALLY IDENTIFIABLE INFORMATION], ,Austin, ,TX,[MAY CONTAIN PERSONALLY IDENTIFIABLE INFORMATION], ,Street,,,,,, , ,Y, , , ,,,,Pickup Truck,Property Damage. No Injured Reported,,Proceeding Straight,,, , ,Y, , , , , , , , ,Changing Lanes,"No Subject Vehicle, No Crash Partner","Yes Subject Vehicle, No Crash Partner",Subject Vehicle - All Belted,1.0, , , , , , ,Y, , , , , , , ,Y, ,Y, , , ,,, ,,,,,,,,Yes, ,"On October 24, 2025 at 5:38 PM CT a Waymo Autonomous Vehicle (""Waymo AV"") operating in Austin, Texas was in a collision involving a pickup truck on S. Highway 183 near Burleson Road.
The Waymo AV was traveling southbound in the left of two lanes on S. Highway 183 in autonomous mode when it came to a stop in a queue of traffic at the intersection with Burleson Road. Leading up to the intersection, a queue of traffic had formed on the left shoulder to enter the dedicated left turn lane at the intersection. The Waymo AV began to initiate a lane change to the designated left turn lane at the point at which that lane began, and came to a stop next to a pickup truck that was stationary, positioned partially in the left shoulder and partially at the entrance to the dedicated left turn lane. As traffic began to advance, the Waymo AV began to proceed forward at a low rate of speed to continue changing lanes. The test driver of the Waymo AV transitioned the Waymo AV to manual mode and began to brake as the pickup truck proceeded forward into the dedicated left turn lane, and the right side of the pickup truck made contact with the front left of the Waymo AV. At the time of the impact, the Waymo AV's Level 4 ADS was not engaged and a test driver was operating the Waymo AV in manual mode. Both vehicles sustained damage.

Waymo is reporting this crash under Request No. 1 of Standing General Order 2021-01  because a vehicle involved was towed away. Waymo may supplement or correct its reporting with additional information as it may become available.", ,"After June 16, 2025 (Amendment 3)",Y, ,"5th Generation ADS, Version 10", ,Verified Not Engaged, , , , , , , ,Y, , , , , , , , , , ,Likely newer than hub update cycle (post-June 2025)