Report ID,Report Version,Reporting Entity,Report Type,Report Month,Report Year,Report Submission Date,VIN,VIN - Unknown,Serial Number,Make,Model,Model - Unknown,Model Year,Model Year - Unknown,Same Vehicle ID,Mileage,Mileage - Unknown,Driver / Operator Type,ADAS/ADS System Version,ADAS/ADS System Version - Unk,ADAS/ADS System Version CBI,ADAS/ADS Hardware Version,ADAS/ADS Hardware Version - Unk,ADAS/ADS Hardware Version CBI,ADAS/ADS Software Version,ADAS/ADS Software Version - Unk,ADAS/ADS Software Version CBI,Other Reporting Entities?,Other Reporting Entities? - Unk,Other Reporting Entities? - NA,Federal Regulatory Exemption?,Other Federal Reg. Exemption,Federal Reg. Exemption - Unk,Federal Reg. Exemption - No,State or Local Permit?,State or Local Permit,ADS Equipped?,Automation System Engaged?,Operating Entity,Operating Entity - Unknown,Source - Complaint/Claim,Source - Telematics,Source - Law Enforcement,Source - Field Report,Source - Testing,Source - Media,Source - Other,Source - Other Text,Incident Date,Incident Date - Unknown,Notice Received Date,Incident Time (24:00),Incident Time - Unknown,Same Incident ID,Latitude,Latitude - Unknown,Longitude,Longitude - Unknown,Address,Address - Unknown,City,City - Unknown,State,Zip Code,Zip Code - Unknown,Roadway Type,Roadway Surface,Roadway Description,Posted Speed Limit (MPH),Posted Speed Limit - Unknown,Lighting,Weather - Clear,Weather - Snow,Weather - Cloudy,Weather - Fog/Smoke/Haze,Weather - Rain,Weather - Severe Wind,Weather - Unknown,Weather - Other,Weather - Other Text,Crash With,Highest Injury Severity Alleged,Property Damage?,CP Pre-Crash Movement,CP Any Air Bags Deployed?,CP Was Vehicle Towed?,CP Contact Area - Rear Left,CP Contact Area - Left,CP Contact Area - Front Left,CP Contact Area - Rear,CP Contact Area - Top,CP Contact Area - Front,CP Contact Area - Rear Right,CP Contact Area - Right,CP Contact Area - Front Right,CP Contact Area - Bottom,CP Contact Area - Unknown,SV Pre-Crash Movement,Any Air Bags Deployed?,Was Any Vehicle Towed?,Were All Passengers Belted?,SV Precrash Speed (MPH),SV Pre-crash Speed - Unknown,SV Contact Area - Rear Left,SV Contact Area - Left,SV Contact Area - Front Left,SV Contact Area - Rear,SV Contact Area - Top,SV Contact Area - Front,SV Contact Area - Rear Right,SV Contact Area - Right,SV Contact Area - Front Right,SV Contact Area - Bottom,SV Contact Area - Unknown,Data Availability - EDR,Data Availability - Police Rpt,Data Availability - Telematics,Data Availability - Complaints,Data Availability - Video,Data Availability - Other,Data Availability - No Data,Data Availability - Unknown,Law Enforcement Investigating?,Investigating Agency,Investigating Agency - Unknown,Rep Ent Or Mfr Investigating?,Investigating Officer Name,Inv. Officer Name - Unknown,Investigating Officer Phone,Inv. Officer Phone - Unknown,Investigating Officer Email,Inv. Officer Email - Unknown,Within ODD?,Within ODD? - CBI,Narrative,Narrative - CBI?,Data Period,VIN Decoded,Make - Unknown,Automation Feature Version,Automation Feature Version CBI,Engagement Status,Source - Internal Process Review,Source - NHTSA VOQ,Source - Other - See Narrative,Source - Other Entity,Source - State or Other Agency,Roadway-Degraded Surface,Roadway-Missing/Degraded Marking,Roadway-No Unusual Conditions,Roadway-Other-See Narrative,Roadway-Traffic Incident,Roadway-Unknown,Roadway-Wet Surface Condition,Roadway-Work Zone,Weather - Partly Cloudy,Weather - Dust Storm,Weather - Severe Hurricane,Weather - Structure-Indoor,Weather - Unk - See Narrative,Reason Not In Hub
30270-1236,1,Waymo LLC,1-Day,,,SEP-2021,2C4RC1K78HR, ,,Chrysler,Pacifica, ,2017.0, ,885ecf217c72a7b,120958.0, ,In-Vehicle (Commercial / Test),4th Generation ADS, , ,, , ,, , ,, , ,,, , ,,,Yes,ADS,Waymo LLC, , ,Y, , , , , ,,SEP-2021, ,SEP-2021,13:54, ,857232881f1c3c0,[MAY CONTAIN PERSONALLY IDENTIFIABLE INFORMATION], ,[MAY CONTAIN PERSONALLY IDENTIFIABLE INFORMATION], ,[MAY CONTAIN PERSONALLY IDENTIFIABLE INFORMATION], ,Tempe, ,AZ ,[MAY CONTAIN PERSONALLY IDENTIFIABLE INFORMATION], ,Street,Dry,No Unusual Conditions,45.0, ,Daylight,Y, , , , , , , ,,Pickup Truck,No Injuries Reported,Yes,Making Left Turn,Unknown,Unknown, ,Y, , , , , , , , , ,Stopped,No,Yes,Yes,0.0, ,Y, , , , , , , , , , , , ,Y, ,Y,Y, , ,No,, ,Yes,, ,, ,, ,Yes, ,"Other than the addition of the zip code in which the incident occurred, the content of this report is unchanged from the initial report submitted on September [XXX], 2021 [Report ID # 30270-1192-1]. 
On September [XXX], 2021 at 1:54 PM PDT, a Waymo Autonomous Vehicle ('Waymo AV') operating in Tempe, AZ was in a collision involving a pickup truck on [XXX] near [XXX]. While in autonomous mode, the Waymo AV began to enter the right lane of a protected double left turn lane (""Lane 2"") from northbound [XXX] to westbound [XXX]. A pickup truck heading southbound on [XXX] had completely crossed the double-yellow lines of the northbound double left turn lanes and positioned itself in the left lane of the double turn lane (""Lane 1"") facing the wrong direction against traffic and was preparing to make a left turn across Lane 2 and the other two northbound lanes into a shopping center parking lot on the east side of [XXX]. 
The Waymo AV was traveling in Lane 2 when the pickup truck began to initiate its left turn from Lane 1. The Waymo AV braked, and the trained human driver in the Waymo AV (in the driver's seating position), transitioned the vehicle from autonomous to manual mode. As the pickup truck made the left turn, the driver's side panels of the pickup truck made contact with the driver's side rear corner of the Waymo AV causing moderate damage to the Waymo AV. Damage to the pickup is currently unknown. At the time of contact, the Waymo AV was in manual mode.
Waymo is reporting this crash under Request No. 1 of Standing General Order 2021-01 because the Waymo AV was towed from the scene. Waymo may supplement or correct its reporting with additional information as it may become available. This report was submitted from the Pacific time zone on the required date, which in this case was the next business day after a weekend.", ,"Prior to June 16, 2025 (Amendment 2)",,,,,,,,,,,,,,,,,,,,,,,,Likely excluded by Waymo hub methodology (pre-June 2025)
30270-13024,1,Waymo LLC,5-Day,,,NOV-2025,SADHW2S17R1,,[MAY CONTAIN PERSONALLY IDENTIFIABLE INFORMATION],JAGUAR,I-PACE, ,2024.0, ,393fb4f6248d68d,,,,,,,,,,,,,,,,,,,,,,,ADS,Waymo LLC, , ,Y, , , , ,,,NOV-2025, ,,10:01, ,893ec9b89be0d16,[MAY CONTAIN PERSONALLY IDENTIFIABLE INFORMATION], ,[MAY CONTAIN PERSONALLY IDENTIFIABLE INFORMATION], ,[MAY CONTAIN PERSONALLY IDENTIFIABLE INFORMATION], ,Phoenix, ,AZ,[MAY CONTAIN PERSONALLY IDENTIFIABLE INFORMATION], ,Parking Lot,,,,,,Y, , , , , ,,,,Passenger Car,Property Damage. No Injured Reported,,Backing,,, , , , , , ,Y, , , , ,Proceeding Straight,"No Subject Vehicle, No Crash Partner","Yes Subject Vehicle, No Crash Partner",Subject Vehicle - Not Belted - see Narrative,5.0, , ,Y, , , , , , , , , , , ,Y, ,Y, , , ,,, ,,,,,,,,Yes, ,"On November 4, 2025 at 10:01 AM MT a Waymo Autonomous Vehicle (""Waymo AV"") operating in Phoenix, Arizona was in a collision involving a passenger car in a parking lot at 4940 E. Ray Road. 
The Waymo AV was parked facing west in a parking lot at 4940 E. Ray Road with hazard lights activated for a passenger pick-up. While the Waymo AV was parked, a passenger car traveling westbound in the parking lot passed the Waymo AV on the left, made a left turn, and came to a stop. While the passenger car was stopped in front of and to the left of the Waymo AV, the Waymo AV proceeded forward to travel westbound in the parking lot. As the Waymo AV was passing behind the passenger car, the passenger car reversed, and the rear of the passenger car made contact with the left side of the Waymo AV. At the time of the impact, the Waymo AV's Level 4 ADS was engaged in autonomous mode. Both vehicles sustained damage. The passenger in the Waymo AV was not belted at the time of the collision.

Waymo is reporting this crash under Request No. 1 of Standing General Order 2021-01 because a vehicle involved was towed away. Waymo may supplement or correct its reporting with additional information as it may become available.", ,"After June 16, 2025 (Amendment 3)",Y, ,"5th Generation ADS, Version 10", ,Verified Engaged, , , , , , , ,Y, , , , , , , , , , ,Likely newer than hub update cycle (post-June 2025)
30270-13026,1,Waymo LLC,Monthly,10.0,2025.0,NOV-2025,SADHW2S18R1,,[MAY CONTAIN PERSONALLY IDENTIFIABLE INFORMATION],JAGUAR,I-PACE, ,2024.0, ,77d6d53bf2f20e3,,,In-Vehicle (Commercial / Test),,,,,,,,,,,,,,,,,,,,ADS,Waymo LLC, , ,Y, , , , ,,,OCT-2025, ,,13:28, ,8182bf3ee7005af,[MAY CONTAIN PERSONALLY IDENTIFIABLE INFORMATION], ,[MAY CONTAIN PERSONALLY IDENTIFIABLE INFORMATION], ,[MAY CONTAIN PERSONALLY IDENTIFIABLE INFORMATION], ,Washington, ,DC,[MAY CONTAIN PERSONALLY IDENTIFIABLE INFORMATION], ,Street,,,,,,Y, , , , , ,,,,SUV,Property Damage. No Injured Reported,,Proceeding Straight,,, , , , , , ,Y, , , , ,Proceeding Straight,"No Subject Vehicle, No Crash Partner","No Subject Vehicle, No Crash Partner",Subject Vehicle - All Belted,2.0, , , , , , , ,Y, , , , , , ,Y, ,Y, , , ,,Metropolitan Police Department of the District of Columbia, ,,,,,,,,Yes, ,"On October 31, 2025 at 1:28 PM ET a Waymo Autonomous Vehicle (""Waymo AV"") operating in Washington, D.C. was in a collision involving an SUV on N. Capitol Street NW near P Street NW. 
The Waymo AV was stopped facing south in the left lane on N. Capitol Street NW in a queue of traffic for a red light at the intersection with P Street NW. After the light turned green and traffic ahead advanced, the Waymo AV began to proceed forward at a low rate of speed and an SUV that was initially stopped directly behind the Waymo AV approached the Waymo AV from behind and the front of the SUV made contact with the rear of the Waymo AV. At the time of the impact, the Waymo AV's Level 4 ADS was engaged in autonomous mode, and a test driver was present in the driver's seating position. Both vehicles sustained damage.

Waymo is reporting this crash under Request No. 2 of Standing General Order 2021-01. Waymo may supplement or correct its reporting with additional information as it may become available.", ,"After June 16, 2025 (Amendment 3)",Y, ,"5th Generation ADS, Version 10", ,Verified Engaged, , , , , , , ,Y, , , , , , , , , , ,Likely newer than hub update cycle (post-June 2025)
30270-13028,1,Waymo LLC,Monthly,10.0,2025.0,NOV-2025,SADHW2S11R1,,[MAY CONTAIN PERSONALLY IDENTIFIABLE INFORMATION],JAGUAR,I-PACE, ,2024.0, ,28048860fd50fc5,,,,,,,,,,,,,,,,,,,,,,,ADS,Waymo LLC, , ,Y, , , , ,,,OCT-2025, ,,22:20, ,c29240f2dbc64e7,[MAY CONTAIN PERSONALLY IDENTIFIABLE INFORMATION], ,[MAY CONTAIN PERSONALLY IDENTIFIABLE INFORMATION], ,[MAY CONTAIN PERSONALLY IDENTIFIABLE INFORMATION], ,Atlanta, ,GA,[MAY CONTAIN PERSONALLY IDENTIFIABLE INFORMATION], ,Street,,,,,,Y, , , , , ,,,,Passenger Car,Property Damage. No Injured Reported,,Backing,,, , , ,Y, , , , , , , ,Stopped,"No Subject Vehicle, No Crash Partner","No Subject Vehicle, No Crash Partner",Subject Vehicle - All Belted,0.0, , , ,Y, , , , , , , , , , ,Y, ,Y, , , ,,, ,,,,,,,,Yes, ,"On October 30, 2025 at 10:20 PM ET a Waymo Autonomous Vehicle (""Waymo AV"") operating in Atlanta, Georgia was in a collision involving a passenger car on Irby Avenue NW near Cains Hill Place NW.
The Waymo AV was traveling eastbound on Irby Avenue NW with its left turn signal activated when it slowed to a stop to yield to a passenger car that was stopped partially in-lane facing east at the southern curb of Irby Avenue NW. After westbound traffic on Irby Avenue NW cleared, the Waymo proceeded to pass the stationary passenger car on the left. As the Waymo AV proceeded forward and to the left, the passenger car reversed and the Waymo AV came to a stop to yield to the passenger car. The passenger car continued to reverse and the rear left of the passenger car made contact with the front right of the stationary Waymo AV. At the time of the impact, the Waymo AV's Level 4 ADS was engaged in autonomous mode. The passenger car sustained damage.

Waymo is reporting this crash under Request No. 2 of Standing General Order 2021-01. Waymo may supplement or correct its reporting with additional information as it may become available.", ,"After June 16, 2025 (Amendment 3)",Y, ,"5th Generation ADS, Version 10", ,Verified Engaged, , , , , , , ,Y, , , , , , , , , , ,Likely newer than hub update cycle (post-June 2025)
30270-13058,1,Waymo LLC,5-Day,,,NOV-2025,SADHW2S17R1,,[MAY CONTAIN PERSONALLY IDENTIFIABLE INFORMATION],JAGUAR,I-PACE, ,2024.0, ,dc20957aabc6402,,,,,,,,,,,,,,,,,,,,,,,ADS,Waymo LLC, , ,Y, , , , ,,,NOV-2025, ,,15:39, ,8fe386c2f10accc,[MAY CONTAIN PERSONALLY IDENTIFIABLE INFORMATION], ,[MAY CONTAIN PERSONALLY IDENTIFIABLE INFORMATION], ,[MAY CONTAIN PERSONALLY IDENTIFIABLE INFORMATION], ,Phoenix, ,AZ,[MAY CONTAIN PERSONALLY IDENTIFIABLE INFORMATION], ,Street,,,,,, , , , , , ,,,,Pickup Truck,Property Damage. No Injured Reported,,Entering Traffic,,, , , , , ,Y, , , , , ,Changing Lanes,"No Subject Vehicle, No Crash Partner","Yes Subject Vehicle, No Crash Partner",Subject Vehicle - No Passenger In Vehicle,25.0, ,Y, , , , , , , , , , , , ,Y, ,Y, , , ,,Phoenix Police Department, ,,,,,,,,Yes, ,"On November 4, 2025 at 3:39 PM MT a Waymo Autonomous Vehicle (""Waymo AV"") operating in Phoenix, Arizona was in a collision involving a pickup truck at 3400 Sky Harbor Boulevard, Terminal 4 at the Phoenix Sky Harbor International Airport. 
The Waymo AV was traveling westbound in the right lane of 3400 Sky Harbor Boulevard, Terminal 4 when it began to change lanes to the center lane. A pickup truck stopped at the curb in the passenger loading/unloading zone, facing west and to the right of the Waymo AV began to pull away from the curb into the right lane and the front left side of the pickup truck made contact with the rear right side of the Waymo AV. At the time of the impact, the Waymo AV's Level 4 ADS was engaged in autonomous mode. Both vehicles sustained damage.

Waymo is reporting this crash under Request No. 1 of Standing General Order 2021-01 because a vehicle involved was towed away. Waymo may supplement or correct its reporting with additional information as it may become available.", ,"After June 16, 2025 (Amendment 3)",Y, ,"5th Generation ADS, Version 10", ,Verified Engaged, , , , , , , ,Y, , , , , , , , ,Y, ,Likely newer than hub update cycle (post-June 2025)
30270-13060,1,Waymo LLC,5-Day,,,NOV-2025,SADHW2S12R1,,[MAY CONTAIN PERSONALLY IDENTIFIABLE INFORMATION],JAGUAR,I-PACE, ,2024.0, ,ca62eeaf8438407,,,,,,,,,,,,,,,,,,,,,,,ADS,Waymo LLC, , ,Y, , , , ,,,NOV-2025, ,,00:37, ,49f1db49f8cd147,[MAY CONTAIN PERSONALLY IDENTIFIABLE INFORMATION], ,[MAY CONTAIN PERSONALLY IDENTIFIABLE INFORMATION], ,[MAY CONTAIN PERSONALLY IDENTIFIABLE INFORMATION], ,Austin, ,TX,[MAY CONTAIN PERSONALLY IDENTIFIABLE INFORMATION], ,Intersection,,,,,,Y, , , , , ,,,,Passenger Car,Minor W/ Hospitalization,,Traveling Wrong Way,,, , , , , ,Y, , , , , ,Parked,"Yes Subject Vehicle, Yes Crash Partner","Yes Subject Vehicle, Yes Crash Partner",Subject Vehicle - All Belted,0.0, , , , , , ,Y, , , , , , , ,Y, ,Y, , , ,,Austin Police Department, ,,,,,,,,Yes, ,"On November 6, 2025 at 12:37 AM CT a Waymo Autonomous Vehicle (""Waymo AV"") operating in Austin, Texas was in a collision involving a passenger car on S. I-35 Frontage Road at Manor Road. 
The Waymo AV was stopped facing southwest in the designated left turn lane on S. I-35 Frontage Road at the intersection with Manor Road with hazard lights activated. A passenger car traveling northeastbound on S. I-35 Frontage Road, in the Waymo AV's lane of travel and against the proper direction of traffic, approached the front of the Waymo AV, and the front left side of the passenger car made contact with the front left side of the stationary Waymo AV. At the time of the impact, the Waymo AV's Level 4 ADS was engaged in autonomous mode. Both vehicles sustained damage. The driver of the passenger car alleged minor injuries and was transported to a hospital in an ambulance.

Waymo is reporting this crash under Request No. 1 of Standing General Order 2021-01 because an individual involved was transported from the scene to a hospital for medical treatment Waymo may supplement or correct its reporting with additional information as it may become available.", ,"After June 16, 2025 (Amendment 3)",Y, ,"5th Generation ADS, Version 10", ,Verified Engaged, , , , , , , ,Y, , , , , , , , , , ,Likely newer than hub update cycle (post-June 2025)
30270-13081,1,Waymo LLC,5-Day,,,NOV-2025,SADHW2S1XR1,,[MAY CONTAIN PERSONALLY IDENTIFIABLE INFORMATION],JAGUAR,I-PACE, ,2024.0, ,2f014456b7b3b3c,,,,,,,,,,,,,,,,,,,,,,,ADS,Waymo LLC, , ,Y, , , , ,,,NOV-2025, ,,20:59, ,65ade2f4391bf55,[MAY CONTAIN PERSONALLY IDENTIFIABLE INFORMATION], ,[MAY CONTAIN PERSONALLY IDENTIFIABLE INFORMATION], ,[MAY CONTAIN PERSONALLY IDENTIFIABLE INFORMATION], ,Austin, ,TX,[MAY CONTAIN PERSONALLY IDENTIFIABLE INFORMATION], ,Street,,,,,,Y, , , , , ,,,,Passenger Car,Property Damage. No Injured Reported,,Changing Lanes,,, , ,Y, , , , , , , , ,Proceeding Straight,"No Subject Vehicle, No Crash Partner","Yes Subject Vehicle, No Crash Partner",Subject Vehicle - All Belted,21.0, , , , ,Y, , , , , , , , , ,Y, ,Y, , , ,,, ,,,,,,,,Yes, ,"On November 8, 2025 at 8:59 PM CT a Waymo Autonomous Vehicle (""Waymo AV"") operating in Austin, Texas was in a collision involving a passenger car on S. Lamar Boulevard near Collier Street. 
The Waymo AV was traveling southwestbound in the second from the right lane on S. Lamar Boulevard when a passenger car that was stopped facing southwest in the adjacent bidirectional center turn lane proceeded to change lanes to the Waymo AV's lane of travel, and the front right side of the passenger car made contact with the rear left side of the Waymo AV. At the time of the impact, the Waymo AV's Level 4 ADS was engaged in autonomous mode. The Waymo AV sustained damage.

Waymo is reporting this crash under Request No. 1 of Standing General Order 2021-01 because a vehicle involved was towed away. Waymo may supplement or correct its reporting with additional information as it may become available.", ,"After June 16, 2025 (Amendment 3)",Y, ,"5th Generation ADS, Version 10", ,Verified Engaged, , , , , , , ,Y, , , , , , , , , , ,Likely newer than hub update cycle (post-June 2025)
30270-13084,1,Waymo LLC,Monthly,11.0,2025.0,DEC-2025,SADHW2S15M1,,[MAY CONTAIN PERSONALLY IDENTIFIABLE INFORMATION],JAGUAR,I-PACE, ,2021.0, ,5029f28c707f0ca,,,,,,,,,,,,,,,,,,,,,,,ADS,Waymo LLC, , ,Y, , , , ,,,NOV-2025, ,,23:20, ,94afab31e9d3916,[MAY CONTAIN PERSONALLY IDENTIFIABLE INFORMATION], ,[MAY CONTAIN PERSONALLY IDENTIFIABLE INFORMATION], ,[MAY CONTAIN PERSONALLY IDENTIFIABLE INFORMATION], ,Phoenix, ,AZ,[MAY CONTAIN PERSONALLY IDENTIFIABLE INFORMATION], ,Street,,,,,,Y, , , , , ,,,,SUV,Property Damage. No Injured Reported,,Changing Lanes,,, , , , , , , ,Y, , , ,Proceeding Straight,"No Subject Vehicle, No Crash Partner","No Subject Vehicle, No Crash Partner",Subject Vehicle - No Passenger In Vehicle,2.0, , , , , , ,Y, , , , , , , ,Y, ,Y, , , ,,Phoenix Police Department, ,,,,,,,,Yes, ,"On November 5, 2025 at 11:20 PM MT a Waymo Autonomous Vehicle (""Waymo AV"") operating in Phoenix, Arizona was in a collision involving an SUV on E. Portland Street near N. 3rd Street. 
The Waymo AV was parked at the curb facing east on E. Portland Street for a passenger drop-off with hazard lights activated and an SUV was traveling eastbound on E. Portland Street. As the SUV approached the stationary Waymo AV, the Waymo AV activated its left turn signal and the SUV proceeded to pass the Waymo AV on the left. As the SUV was passing the Waymo AV, the Waymo AV proceeded forward at the curb while the SUV maneuvered right to approach the curb, entering the Waymo AV's lane of travel, and the right side of the SUV made contact with the front left side of the Waymo AV. At the time of the impact, the Waymo AV's Level 4 ADS was engaged in autonomous mode. Both vehicles sustained damage.

Waymo is reporting this crash under Request No. 2 of Standing General Order 2021-01. Waymo may supplement or correct its reporting with additional information as it may become available.", ,"After June 16, 2025 (Amendment 3)",Y, ,"5th Generation ADS, Version 10", ,Verified Engaged, , , , , , , ,Y, , , , , , , , , , ,Likely newer than hub update cycle (post-June 2025)
30270-13085,1,Waymo LLC,Monthly,11.0,2025.0,DEC-2025,SADHW2S15R1,,[MAY CONTAIN PERSONALLY IDENTIFIABLE INFORMATION],JAGUAR,I-PACE, ,2024.0, ,d873964734d4e83,,,,,,,,,,,,,,,,,,,,,,,ADS,Waymo LLC, , ,Y, , , , ,,,NOV-2025, ,,08:35, ,e60b29907e64039,[MAY CONTAIN PERSONALLY IDENTIFIABLE INFORMATION], ,[MAY CONTAIN PERSONALLY IDENTIFIABLE INFORMATION], ,[MAY CONTAIN PERSONALLY IDENTIFIABLE INFORMATION], ,Tempe, ,AZ,[MAY CONTAIN PERSONALLY IDENTIFIABLE INFORMATION], ,Intersection,,,,,,Y, , , , , ,,,,Passenger Car,Property Damage. No Injured Reported,,Making Left Turn,,, , , , , , , , ,Y, , ,Proceeding Straight,"No Subject Vehicle, No Crash Partner","No Subject Vehicle, No Crash Partner",Subject Vehicle - No Passenger In Vehicle,33.0, , ,Y, , , , , , , , , , , ,Y, ,Y, , , ,,Tempe Police Department, ,,,,,,,,Yes, ,"On November 6, 2025 at 8:35 AM MT a Waymo Autonomous Vehicle (""Waymo AV"") operating in Tempe, Arizona was in a collision involving a passenger car on E. Guadalupe Road at N. Price Road. 
The Waymo AV was traveling westbound in the second from the right lane on E. Guadalupe Road, proceeding straight at a green light through the intersection with N. Price Road. As the Waymo AV approached the exit of the intersection, a passenger car traveling eastbound on E. Guadalupe Road in the leftmost designated left turn lane proceeded to make an unprotected left turn against a red light onto N. Price Road, entered the Waymo AV's lane of travel, the Waymo AV braked and maneuvered to the right, and the front of the passenger car made contact with the left side of the Waymo AV. At the time of the impact, the Waymo AV's Level 4 ADS was engaged in autonomous mode. Both vehicles sustained damage.

Waymo is reporting this crash under Request No. 2 of Standing General Order 2021-01. Waymo may supplement or correct its reporting with additional information as it may become available.", ,"After June 16, 2025 (Amendment 3)",Y, ,"5th Generation ADS, Version 10", ,Verified Engaged, , , , , , , ,Y, , , , , , , , , , ,Likely newer than hub update cycle (post-June 2025)
30270-13088,1,Waymo LLC,Monthly,11.0,2025.0,DEC-2025,SADHW2S11R1,,[MAY CONTAIN PERSONALLY IDENTIFIABLE INFORMATION],JAGUAR,I-PACE, ,2024.0, ,6f9395ec533e0cd,,,,,,,,,,,,,,,,,,,,,,,ADS,Waymo LLC, , ,Y, , , , ,,,NOV-2025, ,,19:42, ,a741512b0811bdc,[MAY CONTAIN PERSONALLY IDENTIFIABLE INFORMATION], ,[MAY CONTAIN PERSONALLY IDENTIFIABLE INFORMATION], ,[MAY CONTAIN PERSONALLY IDENTIFIABLE INFORMATION], ,Atlanta, ,GA,[MAY CONTAIN PERSONALLY IDENTIFIABLE INFORMATION], ,Intersection,,,,,,Y, , , , , ,,,,SUV,Property Damage. No Injured Reported,,Making Right Turn,,, , ,Y, , , , , , , , ,Making Right Turn,"No Subject Vehicle, No Crash Partner","No Subject Vehicle, No Crash Partner",Subject Vehicle - No Passenger In Vehicle,2.0, , , , ,Y, , , , , , , , , ,Y, ,Y, , , ,,, ,,,,,,,,Yes, ,"On November 7, 2025 at 7:42 PM ET a Waymo Autonomous Vehicle (""Waymo AV"") operating in Atlanta, Georgia was in a collision involving an SUV on State Street NW at 14th Street NW. 
The Waymo AV was stopped facing north on State Street NW for a red light at the intersection with 14th Street NW with its right turn signal activated and an SUV was stopped directly behind the Waymo AV. The Waymo AV initiated the right turn and then came to a stop before entering 14th Street NW. The Waymo AV then began to proceed forward, and the SUV directly behind the Waymo AV continued forward and the front right of the SUV made contact with the rear left of the Waymo AV. At the time of the impact, the Waymo AV's Level 4 ADS was engaged in autonomous mode. Both vehicles sustained damage.

Waymo is reporting this crash under Request No. 2 of Standing General Order 2021-01. Waymo may supplement or correct its reporting with additional information as it may become available.", ,"After June 16, 2025 (Amendment 3)",Y, ,"5th Generation ADS, Version 10", ,Verified Engaged, , , , , , , ,Y, , , , , , , , , , ,Likely newer than hub update cycle (post-June 2025)
30270-13090,1,Waymo LLC,Monthly,11.0,2025.0,DEC-2025,SADHW2S11R1,,[MAY CONTAIN PERSONALLY IDENTIFIABLE INFORMATION],JAGUAR,I-PACE, ,2024.0, ,be8abcb0993e6f1,,,,,,,,,,,,,,,,,,,,,,,ADS,Waymo LLC, , ,Y, , , , ,,,NOV-2025, ,,04:14, ,0341997aa580828,[MAY CONTAIN PERSONALLY IDENTIFIABLE INFORMATION], ,[MAY CONTAIN PERSONALLY IDENTIFIABLE INFORMATION], ,[MAY CONTAIN PERSONALLY IDENTIFIABLE INFORMATION], ,Atlanta, ,GA,[MAY CONTAIN PERSONALLY IDENTIFIABLE INFORMATION], ,Street,,,,,, , , , ,Y, ,,,,"Other, see Narrative",Property Damage. No Injured Reported,,"Other, see Narrative",,, , , , , , , , , , ,Y,Proceeding Straight,"No Subject Vehicle, Unknown Crash Partner","No Subject Vehicle, Unknown Crash Partner",Subject Vehicle - No Passenger In Vehicle,1.0, , , , , , , , , ,Y, , , , ,Y, ,Y, , , ,,, ,,,,,,,,Yes, ,"On November 8, 2025 at 4:14 AM ET a Waymo Autonomous Vehicle (""Waymo AV"") operating in Atlanta, Georgia was in a collision involving a gate on Summit Pointe Way NE at Summit Pointe Drive. 
The Waymo AV was traveling westbound on Summit Pointe Way NE when it approached a gated entrance separating Summit Pointe Way NE from Summit Pointe Drive. The Waymo AV slowed to a stop to yield to the closed gate, and began proceeding slowly forward again. As it did so, the gate began swinging open into the roadway towards the Waymo AV and made contact with the front of the Waymo AV. At the time of the impact, the Waymo AV's Level 4 ADS was engaged in autonomous mode. The Waymo AV sustained damage.

Waymo is reporting this crash under Request No. 2 of Standing General Order 2021-01. Waymo may supplement or correct its reporting with additional information as it may become available.", ,"After June 16, 2025 (Amendment 3)",Y, ,"5th Generation ADS, Version 10", ,Verified Engaged, , , , , , , ,Y, , , , , , , , , , ,Likely newer than hub update cycle (post-June 2025)