Report ID,Report Version,Reporting Entity,Report Type,Report Month,Report Year,Report Submission Date,VIN,VIN - Unknown,Serial Number,Make,Model,Model - Unknown,Model Year,Model Year - Unknown,Same Vehicle ID,Mileage,Mileage - Unknown,Driver / Operator Type,ADAS/ADS System Version,ADAS/ADS System Version - Unk,ADAS/ADS System Version CBI,ADAS/ADS Hardware Version,ADAS/ADS Hardware Version - Unk,ADAS/ADS Hardware Version CBI,ADAS/ADS Software Version,ADAS/ADS Software Version - Unk,ADAS/ADS Software Version CBI,Other Reporting Entities?,Other Reporting Entities? - Unk,Other Reporting Entities? - NA,Federal Regulatory Exemption?,Other Federal Reg. Exemption,Federal Reg. Exemption - Unk,Federal Reg. Exemption - No,State or Local Permit?,State or Local Permit,ADS Equipped?,Automation System Engaged?,Operating Entity,Operating Entity - Unknown,Source - Complaint/Claim,Source - Telematics,Source - Law Enforcement,Source - Field Report,Source - Testing,Source - Media,Source - Other,Source - Other Text,Incident Date,Incident Date - Unknown,Notice Received Date,Incident Time (24:00),Incident Time - Unknown,Same Incident ID,Latitude,Latitude - Unknown,Longitude,Longitude - Unknown,Address,Address - Unknown,City,City - Unknown,State,Zip Code,Zip Code - Unknown,Roadway Type,Roadway Surface,Roadway Description,Posted Speed Limit (MPH),Posted Speed Limit - Unknown,Lighting,Weather - Clear,Weather - Snow,Weather - Cloudy,Weather - Fog/Smoke/Haze,Weather - Rain,Weather - Severe Wind,Weather - Unknown,Weather - Other,Weather - Other Text,Crash With,Highest Injury Severity Alleged,Property Damage?,CP Pre-Crash Movement,CP Any Air Bags Deployed?,CP Was Vehicle Towed?,CP Contact Area - Rear Left,CP Contact Area - Left,CP Contact Area - Front Left,CP Contact Area - Rear,CP Contact Area - Top,CP Contact Area - Front,CP Contact Area - Rear Right,CP Contact Area - Right,CP Contact Area - Front Right,CP Contact Area - Bottom,CP Contact Area - Unknown,SV Pre-Crash Movement,Any Air Bags Deployed?,Was Any Vehicle Towed?,Were All Passengers Belted?,SV Precrash Speed (MPH),SV Pre-crash Speed - Unknown,SV Contact Area - Rear Left,SV Contact Area - Left,SV Contact Area - Front Left,SV Contact Area - Rear,SV Contact Area - Top,SV Contact Area - Front,SV Contact Area - Rear Right,SV Contact Area - Right,SV Contact Area - Front Right,SV Contact Area - Bottom,SV Contact Area - Unknown,Data Availability - EDR,Data Availability - Police Rpt,Data Availability - Telematics,Data Availability - Complaints,Data Availability - Video,Data Availability - Other,Data Availability - No Data,Data Availability - Unknown,Law Enforcement Investigating?,Investigating Agency,Investigating Agency - Unknown,Rep Ent Or Mfr Investigating?,Investigating Officer Name,Inv. Officer Name - Unknown,Investigating Officer Phone,Inv. Officer Phone - Unknown,Investigating Officer Email,Inv. Officer Email - Unknown,Within ODD?,Within ODD? - CBI,Narrative,Narrative - CBI?,Data Period,VIN Decoded,Make - Unknown,Automation Feature Version,Automation Feature Version CBI,Engagement Status,Source - Internal Process Review,Source - NHTSA VOQ,Source - Other - See Narrative,Source - Other Entity,Source - State or Other Agency,Roadway-Degraded Surface,Roadway-Missing/Degraded Marking,Roadway-No Unusual Conditions,Roadway-Other-See Narrative,Roadway-Traffic Incident,Roadway-Unknown,Roadway-Wet Surface Condition,Roadway-Work Zone,Weather - Partly Cloudy,Weather - Dust Storm,Weather - Severe Hurricane,Weather - Structure-Indoor,Weather - Unk - See Narrative,Reason Not In Hub
30270-13275,1,Waymo LLC,Monthly,11.0,2025.0,DEC-2025,SADHW2S12R1,,[MAY CONTAIN PERSONALLY IDENTIFIABLE INFORMATION],JAGUAR,I-PACE, ,2024.0, ,867be7d02de97dd,,,,,,,,,,,,,,,,,,,,,,,ADS,Waymo LLC, , ,Y, , , , ,,,NOV-2025, ,,23:46, ,4e6bd638c28f802,[MAY CONTAIN PERSONALLY IDENTIFIABLE INFORMATION], ,[MAY CONTAIN PERSONALLY IDENTIFIABLE INFORMATION], ,[MAY CONTAIN PERSONALLY IDENTIFIABLE INFORMATION], ,Atlanta, ,GA,[MAY CONTAIN PERSONALLY IDENTIFIABLE INFORMATION], ,Street,,,,,,Y, , , , , ,,,,Passenger Car,Property Damage. No Injured Reported,,Proceeding Straight,,, , ,Y, , , , , , , , ,Stopped,"No Subject Vehicle, No Crash Partner","No Subject Vehicle, No Crash Partner",Subject Vehicle - No Passenger In Vehicle,0.0, , , , ,Y, , , , , , , , , ,Y, ,Y, , , ,,, ,,,,,,,,Yes, ,"On November 23, 2025 at 11:46 PM ET a Waymo Autonomous Vehicle (""Waymo AV"") operating in Atlanta, Georgia was in a collision involving a passenger car on 14th Street NW near Howell Mill Road. 
The Waymo AV was stopped at the curb facing west on 14th Street NW for a passenger pick-up when a passenger car traveling westbound in the right lane on 14th Street NW approached the Waymo AV from behind, and the front right side of the passenger car made contact with the rear left side of the stationary Waymo AV. At the time of the impact, the Waymo AV's Level 4 ADS was engaged in autonomous mode. Both vehicles sustained damage.

Waymo is reporting this crash under Request No. 2 of Standing General Order 2021-01. Waymo may supplement or correct its reporting with additional information as it may become available.", ,"After June 16, 2025 (Amendment 3)",Y, ,"5th Generation ADS, Version 10", ,Verified Engaged, , , , , , , ,Y, , , , , , , , , , ,Likely newer than hub update cycle (post-June 2025)
30270-13276,1,Waymo LLC,Monthly,11.0,2025.0,DEC-2025,SADHW2S18R1,,[MAY CONTAIN PERSONALLY IDENTIFIABLE INFORMATION],JAGUAR,I-PACE, ,2024.0, ,5dbb5f59cee23d3,,,,,,,,,,,,,,,,,,,,,,,ADS,Waymo LLC, , ,Y, , , , ,,,NOV-2025, ,,10:24, ,a5ba9c361d5c1b2,[MAY CONTAIN PERSONALLY IDENTIFIABLE INFORMATION], ,[MAY CONTAIN PERSONALLY IDENTIFIABLE INFORMATION], ,[MAY CONTAIN PERSONALLY IDENTIFIABLE INFORMATION], ,Atlanta, ,GA,[MAY CONTAIN PERSONALLY IDENTIFIABLE INFORMATION], ,Street,,,,,,Y, , , , , ,,,,SUV,Property Damage. No Injured Reported,,Proceeding Straight,,, , ,Y, , , , , , , , ,Proceeding Straight,"No Subject Vehicle, No Crash Partner","No Subject Vehicle, No Crash Partner",Subject Vehicle - All Belted,13.0, , , , ,Y, , , , , , , , , ,Y, ,Y, , , ,,Atlanta Police Department, ,,,,,,,,Yes, ,"On November 28, 2025 at 10:24 AM ET a Waymo Autonomous Vehicle (""Waymo AV"") operating in Atlanta, Georgia was in a collision involving an SUV on John Lewis Freedom Parkway NE near Boulevard NE. 
The Waymo AV was traveling northeastbound in the left lane on John Lewis Freedom Parkway NE when it began slowing for a tree branch situated directly above the roadway. While the Waymo AV was slowing, an SUV traveling northeastbound in the left lane on John Lewis Freedom Parkway NE approached the Waymo AV from behind and maneuvered to the left, and the front right side of the SUV made contact with the rear left side of the Waymo AV. At the time of the impact, the Waymo AV's Level 4 ADS was engaged in autonomous mode. Both vehicles sustained damage.

Waymo is reporting this crash under Request No. 2 of Standing General Order 2021-01. Waymo may supplement or correct its reporting with additional information as it may become available.", ,"After June 16, 2025 (Amendment 3)",Y, ,"5th Generation ADS, Version 10", ,Verified Engaged, , , , , , , ,Y, , , , , , , , , , ,Likely newer than hub update cycle (post-June 2025)
30270-13277,1,Waymo LLC,5-Day,,,DEC-2025,SADHW2S11R1,,[MAY CONTAIN PERSONALLY IDENTIFIABLE INFORMATION],JAGUAR,I-PACE, ,2024.0, ,450b288c5c8a114,,,,,,,,,,,,,,,,,,,,,,,ADS,Waymo LLC, , ,Y, , , , ,,,DEC-2025, ,,09:29, ,4e746021b472ab5,[MAY CONTAIN PERSONALLY IDENTIFIABLE INFORMATION], ,[MAY CONTAIN PERSONALLY IDENTIFIABLE INFORMATION], ,[MAY CONTAIN PERSONALLY IDENTIFIABLE INFORMATION], ,Atlanta, ,GA,[MAY CONTAIN PERSONALLY IDENTIFIABLE INFORMATION], ,Street,,,,,, , ,Y, , , ,,,,"Other, see Narrative",Property Damage. No Injured Reported,,Backing,,, , , , , , ,Y, , , , ,Stopped,"No Subject Vehicle, No Crash Partner","Yes Subject Vehicle, No Crash Partner",Subject Vehicle - No Passenger In Vehicle,0.0, , , , , , , , , ,Y, , , , ,Y, ,Y, , , ,,Atlanta Police Department, ,,,,,,,,Yes, ,"On December 3, 2025 at 9:29 AM ET a Waymo Autonomous Vehicle (""Waymo AV"") operating in Atlanta, Georgia was in a collision involving a street sweeper construction vehicle on Nelson Street SW near Mangum Street SW. 
The Waymo AV was traveling westbound through a construction zone on Nelson Street SW when a street sweeper traveling westbound on Nelson Street in front of the Waymo AV slowed to a stop. The Waymo AV slowed to a stop to yield to the street sweeper, and the street sweeper reversed, and the rear of the street sweeper made contact with the front of the stationary Waymo AV. At the time of the impact, the Waymo AV's Level 4 ADS was engaged in autonomous mode. The Waymo AV sustained damage.

Waymo is reporting this crash under Request No. 1 of Standing General Order 2021-01 because a vehicle involved was towed away. Waymo may supplement or correct its reporting with additional information as it may become available.", ,"After June 16, 2025 (Amendment 3)",Y, ,"5th Generation ADS, Version 10", ,Verified Engaged, , , , , , , , , , , , ,Y, , , , , ,Likely newer than hub update cycle (post-June 2025)
30270-13278,1,Waymo LLC,5-Day,,,DEC-2025,SADHW2S13R1,,[MAY CONTAIN PERSONALLY IDENTIFIABLE INFORMATION],JAGUAR,I-PACE, ,2024.0, ,632c1ca9ae71a37,,,,,,,,,,,,,,,,,,,,,,,ADS,Waymo LLC, , ,Y, , , , ,,,DEC-2025, ,,09:59, ,83944815ca12307,[MAY CONTAIN PERSONALLY IDENTIFIABLE INFORMATION], ,[MAY CONTAIN PERSONALLY IDENTIFIABLE INFORMATION], ,[MAY CONTAIN PERSONALLY IDENTIFIABLE INFORMATION], ,Phoenix, ,AZ,[MAY CONTAIN PERSONALLY IDENTIFIABLE INFORMATION], ,Street,,,,,, , , , , , ,,,,Heavy Truck,Property Damage. No Injured Reported,,Backing,,,Y, , , , , , , , , , ,Stopped,"No Subject Vehicle, No Crash Partner","Yes Subject Vehicle, No Crash Partner",Subject Vehicle - No Passenger In Vehicle,0.0, , , , , , ,Y, , , , , , , ,Y, ,Y, , , ,,, ,,,,,,,,Yes, ,"On December 3, 2025 at 9:59 AM MT a Waymo Autonomous Vehicle (""Waymo AV"") operating in Phoenix, Arizona was in a collision involving a heavy truck on S. 3rd Street near E. Buckeye Road.
The Waymo AV was traveling northbound on S. 3rd Street when a heavy truck traveling westbound and exiting a truck parking bay behind 1215 S. 3rd Street turned right onto S. 3rd Street in front of the Waymo AV. As the heavy truck was completing its right turn, the heavy truck came to a stop in the Waymo AV's lane of travel and the Waymo AV stopped to yield to the heavy truck. The heavy truck then reversed, and the rear right side of the heavy truck trailer made contact with the front left side of the Waymo AV. At the time of the impact, the Waymo AV's Level 4 ADS was engaged in autonomous mode. The Waymo AV sustained damage.

Waymo is reporting this crash under Request No. 1 of Standing General Order 2021-01 a vehicle involved was towed away. Waymo may supplement or correct its reporting with additional information as it may become available.", ,"After June 16, 2025 (Amendment 3)",Y, ,"5th Generation ADS, Version 10", ,Verified Engaged, , , , , , , ,Y, , , , , ,Y, , , , ,Likely newer than hub update cycle (post-June 2025)
30270-13287,1,Waymo LLC,5-Day,,,DEC-2025,SADHW2S14R1,,[MAY CONTAIN PERSONALLY IDENTIFIABLE INFORMATION],JAGUAR,I-PACE, ,2024.0, ,40a5972f951c80f,,,,,,,,,,,,,,,,,,,,,,,ADS,Waymo LLC, , ,Y, , , , ,,,DEC-2025, ,,16:45, ,2e193f1562b2fe7,[MAY CONTAIN PERSONALLY IDENTIFIABLE INFORMATION], ,[MAY CONTAIN PERSONALLY IDENTIFIABLE INFORMATION], ,[MAY CONTAIN PERSONALLY IDENTIFIABLE INFORMATION], ,Austin, ,TX,[MAY CONTAIN PERSONALLY IDENTIFIABLE INFORMATION], ,Street,,,,,, , ,Y, , , ,,,,Pickup Truck,Minor W/O Hospitalization,,Proceeding Straight,,, , , , , , , , ,Y, , ,Stopped,"No Subject Vehicle, No Crash Partner","Yes Subject Vehicle, No Crash Partner",Subject Vehicle - All Belted,0.0, , , , , , , ,Y, , , , , , ,Y, ,Y, , , ,,, ,,,,,,,,Yes, ,"On December 3, 2025 at 4:45 PM CT a Waymo Autonomous Vehicle (""Waymo AV"") operating in Austin, Texas was in a collision involving a pickup truck on E. Ben White Boulevard near S. Congress Avenue. 
The Waymo AV was stopped facing northwest in the second from the right lane on E. Ben White Boulevard in a queue of traffic for a red light at the intersection with S. Congress Avenue. After the traffic light turned green and traffic ahead advanced, the Waymo AV proceeded a short distance and came to a stop because of the detection of a potential nearby emergency vehicle. A pickup truck that was initially stopped directly behind the Waymo AV proceeded forward, and the front of the pickup truck made contact with the rear of the stationary Waymo AV. At the time of the impact, the Waymo AV's Level 4 ADS was engaged in autonomous mode. Both vehicles sustained damage. The passenger in the Waymo AV alleged a minor injury.

Waymo is reporting this crash under Request No. 1 of Standing General Order 2021-01 a vehicle involved was towed away. Waymo may supplement or correct its reporting with additional information as it may become available.", ,"After June 16, 2025 (Amendment 3)",Y, ,"5th Generation ADS, Version 10", ,Verified Engaged, , , , , , , ,Y, , , , , , , , , , ,Likely newer than hub update cycle (post-June 2025)
30270-13303,1,Waymo LLC,5-Day,,,DEC-2025,SADHW2S13R1,,[MAY CONTAIN PERSONALLY IDENTIFIABLE INFORMATION],JAGUAR,I-PACE, ,2024.0, ,c066490829bccdd,,,,,,,,,,,,,,,,,,,,,,,ADS,Waymo LLC, , ,Y, , , , ,,,DEC-2025, ,,18:32, ,64f79f6cea38760,[MAY CONTAIN PERSONALLY IDENTIFIABLE INFORMATION], ,[MAY CONTAIN PERSONALLY IDENTIFIABLE INFORMATION], ,[MAY CONTAIN PERSONALLY IDENTIFIABLE INFORMATION], ,Tempe, ,AZ,[MAY CONTAIN PERSONALLY IDENTIFIABLE INFORMATION], ,Street,,,,,,Y, , , , , ,,,,SUV,Property Damage. No Injured Reported,,Stopped,,, , ,Y, , , , , , , , ,Stopped,"No Subject Vehicle, No Crash Partner","Yes Subject Vehicle, Yes Crash Partner",Subject Vehicle - All Belted,0.0, , , , , , , ,Y, , , , , , ,Y, ,Y, , , ,,Tempe Police Department, ,,,,,,,,Yes, ,"On December 7, 2025 at 6:32 PM MT a Waymo Autonomous Vehicle (""Waymo AV"") operating in Tempe, Arizona was in a collision involving an SUV on Priest Drive at the U.S. Route 60 East on-ramp.
The Waymo AV was traveling northbound in the leftmost lane on Priest Drive when it slowed to a stop to yield to a passenger car stopped facing north in the leftmost lane at a green light at the intersection with the U.S. Route 60 East on-ramp. While the Waymo AV was stopped, an SUV traveling northbound in the leftmost lane on Priest Drive approached the Waymo AV from behind and slowed to a stop. While the passenger car, the Waymo AV, and the SUV, were all stopped, a van traveling northbound in the leftmost lane on Priest Drive approached the stopped SUV from behind and the front left side of the van made contact with the rear right side of the stationary SUV, and as a result the front right side of the SUV then made contact with the rear of the stationary Waymo AV. At the time of the impact, the Waymo AV's Level 4 ADS was engaged in autonomous mode. All three vehicles sustained damage.

Waymo is reporting this crash under Request No. 1 of Standing General Order 2021-01 because a vehicle involved was towed away. Waymo may supplement or correct its reporting with additional information as it may become available.", ,"After June 16, 2025 (Amendment 3)",Y, ,"5th Generation ADS, Version 10", ,Verified Engaged, , , , , , , ,Y, , , , , , , , , , ,Likely newer than hub update cycle (post-June 2025)
30270-13326,1,Waymo LLC,5-Day,,,DEC-2025,SADHW2S15R1,,[MAY CONTAIN PERSONALLY IDENTIFIABLE INFORMATION],JAGUAR,I-PACE, ,2024.0, ,68257e5bd9a8932,,,,,,,,,,,,,,,,,,,,,,,ADS,Waymo LLC, , ,Y, , , , ,,,DEC-2025, ,,14:20, ,dfdd19231c02d44,[MAY CONTAIN PERSONALLY IDENTIFIABLE INFORMATION], ,[MAY CONTAIN PERSONALLY IDENTIFIABLE INFORMATION], ,[MAY CONTAIN PERSONALLY IDENTIFIABLE INFORMATION], ,Atlanta, ,GA,[MAY CONTAIN PERSONALLY IDENTIFIABLE INFORMATION], ,Street,,,,,, , , , , , ,,,,Pickup Truck,Property Damage. No Injured Reported,,Passing,,, , , , , , , ,Y, , , ,Parked,"No Subject Vehicle, No Crash Partner","Yes Subject Vehicle, No Crash Partner",Subject Vehicle - No Passenger In Vehicle,0.0, , , , ,Y, , , , , , , , , ,Y, ,Y, , , ,,, ,,,,,,,,Yes, ,"On December 9, 2025 at 2:20 PM ET a Waymo Autonomous Vehicle (""Waymo AV"") operating in Atlanta, Georgia was in a collision involving a pickup truck on Coca Cola Place SE near Pratt Street SE. 
The Waymo AV was stopped in-lane facing southeast on Coca Cola Place SE for a passenger pick-up with hazard lights activated. While the Waymo AV was stopped, a pickup truck traveling southeastbound on Coca Cola Place SE proceeded to pass the Waymo AV on the left and the right side of the pickup truck made contact with the rear left side of the stationary Waymo AV. At the time of the impact, the Waymo AV's Level 4 ADS was engaged in autonomous mode. Both vehicles sustained damage.

Waymo is reporting this crash under Request No. 1 of Standing General Order 2021-01 because a vehicle involved was towed away. Waymo may supplement or correct its reporting with additional information as it may become available.", ,"After June 16, 2025 (Amendment 3)",Y, ,"5th Generation ADS, Version 10", ,Verified Engaged, , , , , , , ,Y, , , , , ,Y, , , , ,Likely newer than hub update cycle (post-June 2025)
30270-1535,1,Waymo LLC,1-Day,,,OCT-2021,2C4RC1K70HR, ,,Chrysler,Pacifica, ,2017.0, ,142fc9bec7dfe3e,18698.0, ,,4th Generation ADS, , ,, , ,, , ,, , ,,, , ,,,Yes,ADS,Waymo LLC, , ,Y, , , , , ,,OCT-2021, ,OCT-2021,14:44, ,6f2cffa37c36b66,[MAY CONTAIN PERSONALLY IDENTIFIABLE INFORMATION], ,[MAY CONTAIN PERSONALLY IDENTIFIABLE INFORMATION], ,[MAY CONTAIN PERSONALLY IDENTIFIABLE INFORMATION], ,Chandler, ,AZ ,,Y,Intersection,Dry,No Unusual Conditions,45.0, ,Daylight,Y, , , , , , , ,,Passenger Car,No Injuries Reported,Yes,Changing Lanes,No,Unknown,Y, , ,Y, , ,Y, , , , ,Proceeding Straight,No,Yes,No Passengers in Vehicle,21.0, , , ,Y, , ,Y, , , , , , , ,Y, ,Y,Y, , ,No,, ,Yes,, ,, ,, ,Yes, ,"On October [XXX], 2021 at 2:44 PM PDT a Waymo Autonomous Vehicle ('Waymo AV') operating in Chandler, AZ was in a collision involving a passenger car at [XXX] and [XXX].
The Waymo AV was traveling eastbound on [XXX] when it approached [XXX]. As the traffic signal turned yellow, a passenger vehicle in the left adjacent lane changed lanes to the right in front of the Waymo AV and immediately braked. The Waymo AV exerted maximum brake force to avoid contact, but was unable to stop before making contact with the rear of the passenger vehicle, which had entered the intersection and was still braking. At the time of contact, the Waymo AV was traveling at approximately 21 mph and the passenger vehicle was traveling at approximately 10 mph. The Waymo AV sustained minor damage to its front bumper, and the passenger vehicle sustained moderate damage to its rear bumper. At the time of the impact, the Waymo AV's Level 4 ADS was engaged in autonomous mode.
Waymo is reporting this crash under Request No. 1 of Standing General Order 2021-01 because a vehicle involved was towed away. Waymo may supplement or correct its reporting with additional information as it may become available. This report was submitted from the Pacific time zone on the required date.", ,"Prior to June 16, 2025 (Amendment 2)",,,,,,,,,,,,,,,,,,,,,,,,Likely excluded by Waymo hub methodology (pre-June 2025)
30270-1778,1,Waymo LLC,1-Day,,,NOV-2021,SADHW2S16M1, ,,Jaguar,I-Pace, ,2021.0, ,cf331f383ea5d94,23878.0, ,In-Vehicle (Commercial / Test),5th Generation ADS, , ,, , ,, , ,, , ,,, , ,,,Yes,ADS,Waymo LLC, , ,Y, , , , , ,,NOV-2021, ,NOV-2021,00:39, ,8f5dc21a34007ed,[MAY CONTAIN PERSONALLY IDENTIFIABLE INFORMATION], ,[MAY CONTAIN PERSONALLY IDENTIFIABLE INFORMATION], ,[MAY CONTAIN PERSONALLY IDENTIFIABLE INFORMATION], ,Phoenix, ,AZ ,[MAY CONTAIN PERSONALLY IDENTIFIABLE INFORMATION], ,Intersection,Dry,No Unusual Conditions,35.0, ,Dark - Lighted,Y, , , , , , , ,,Passenger Car,Unknown,Yes,Proceeding Straight,Yes,Yes, , ,Y, , ,Y, , ,Y, , ,Stopped,No,Yes,Yes,0.0, ,Y, , ,Y, , ,Y, , , , , , ,Y, ,Y,Y, , ,Yes,Phoenix Police Department, ,Yes,[MAY CONTAIN PERSONALLY IDENTIFIABLE INFORMATION], ,[MAY CONTAIN PERSONALLY IDENTIFIABLE INFORMATION], ,,Y,Yes, ,"On November [XXX], 2021 at 12:39 AM PST a Waymo Autonomous Vehicle ('Waymo AV') operating in Phoenix, AZ was in a collision involving a passenger vehicle at [XXX] and [XXX]. 
The Waymo AV was stopped at a red light on southbound [XXX] at [XXX] when a passenger vehicle struck the Waymo AV's rear bumper. At the time of the impact, the Waymo AV's Level 4 ADS was engaged in autonomous mode, and a test driver was present (in the driver's seating position). The Waymo AV's rear bumper and undercarriage sustained damage, and the passenger vehicle's front bumper and hood sustained damage.
Waymo is reporting this crash under Request No. 1 of Standing General Order 2021-01. Waymo may supplement or correct its reporting with additional information as it may become available. This report was submitted from the Pacific time zone on the required date.", ,"Prior to June 16, 2025 (Amendment 2)",,,,,,,,,,,,,,,,,,,,,,,,Likely excluded by Waymo hub methodology (pre-June 2025)
30270-1813,1,Waymo LLC,1-Day,,,DEC-2021,SADHW2S16M1, ,,Jaguar,I-Pace, ,2021.0, ,cf331f383ea5d94,23878.0, ,In-Vehicle (Commercial / Test),5th Generation ADS, , ,, , ,, , ,, , ,,, , ,,,Yes,ADS,Waymo LLC, , ,Y, , , , , ,,NOV-2021, ,NOV-2021,00:39, ,8f5dc21a34007ed,[MAY CONTAIN PERSONALLY IDENTIFIABLE INFORMATION], ,[MAY CONTAIN PERSONALLY IDENTIFIABLE INFORMATION], ,[MAY CONTAIN PERSONALLY IDENTIFIABLE INFORMATION], ,Phoenix, ,AZ ,[MAY CONTAIN PERSONALLY IDENTIFIABLE INFORMATION], ,Intersection,Dry,No Unusual Conditions,35.0, ,Dark - Lighted,Y, , , , , , , ,,Passenger Car,Unknown,Yes,Proceeding Straight,Yes,Yes, , ,Y, , ,Y, , ,Y, , ,Stopped,No,Yes,Yes,0.0, ,Y, , ,Y, , ,Y, , , , , , ,Y, ,Y,Y, , ,Yes,Phoenix Police Department, ,Yes,[MAY CONTAIN PERSONALLY IDENTIFIABLE INFORMATION], ,[MAY CONTAIN PERSONALLY IDENTIFIABLE INFORMATION], ,,Y,Yes, ,"The content of this report is unchanged from the initial report submitted on November [XXX], 2021 [Report ID # 30270-1778-1]. 
On November [XXX], 2021 at 12:39 AM PST a Waymo Autonomous Vehicle ('Waymo AV') operating in Phoenix, AZ was in a collision involving a passenger vehicle at [XXX] and [XXX]. 
The Waymo AV was stopped at a red light on southbound [XXX] at [XXX] when a passenger vehicle struck the Waymo AV's rear bumper. At the time of the impact, the Waymo AV's Level 4 ADS was engaged in autonomous mode, and a test driver was present (in the driver's seating position). The Waymo AV's rear bumper and undercarriage sustained damage, and the passenger vehicle's front bumper and hood sustained damage.
Waymo is reporting this crash under Request No. 1 of Standing General Order 2021-01. Waymo may supplement or correct its reporting with additional information as it may become available. This report was submitted from the Pacific time zone on the required date.", ,"Prior to June 16, 2025 (Amendment 2)",,,,,,,,,,,,,,,,,,,,,,,,Likely excluded by Waymo hub methodology (pre-June 2025)
30270-1923,1,Waymo LLC,Monthly,11.0,2021.0,DEC-2021,2C4RC1K71HR, ,,Chrysler,Pacifica, ,2017.0, ,6809bca2e95dc4f,20839.0, ,In-Vehicle (Commercial / Test),4th Generation ADS, , ,, , ,, , ,, , ,,, , ,,,Yes,ADS,Waymo LLC, , ,Y, , , , , ,,NOV-2021, ,NOV-2021,18:47, ,4e4a38ea028e125,[MAY CONTAIN PERSONALLY IDENTIFIABLE INFORMATION], ,[MAY CONTAIN PERSONALLY IDENTIFIABLE INFORMATION], ,[MAY CONTAIN PERSONALLY IDENTIFIABLE INFORMATION], ,Chandler, ,AZ ,[MAY CONTAIN PERSONALLY IDENTIFIABLE INFORMATION], ,Intersection,Dry,No Unusual Conditions,25.0, ,Dark - Lighted,Y, , , , , , , ,,Passenger Car,No Injuries Reported,Yes,Making Right Turn,No,No, , , , , , , , ,Y, , ,Stopped,No,No,Yes,0.0, , , , ,Y, , , , , , , , , ,Y, ,Y,Y, , ,No,, ,Yes,, ,, ,, ,Yes, ,"On November [XXX], 2021 at 6:47 PM PST a Waymo Autonomous Vehicle ('Waymo AV') operating in Chandler, AZ was in a collision involving a passenger vehicle at a shopping mall parking lot exit at [XXX]. 
The Waymo AV was attempting a right turn from the [XXX] parking lot onto southbound [XXX] when it began yielding for approaching traffic and came to a stop. A passenger vehicle behind the Waymo AV then struck the rear of the Waymo AV. At the time of the impact, the Waymo AV's Level 4 ADS was engaged in autonomous mode, and a test driver was present (in the driver's seating position). The Waymo AV sustained minor damage, and the passenger vehicle sustained minor damage. 
Waymo is reporting this crash under Request No. 2 of Standing General Order 2021-01. Waymo may supplement or correct its reporting with additional information as it may become available. This report was submitted from the Pacific time zone on the required date.", ,"Prior to June 16, 2025 (Amendment 2)",,,,,,,,,,,,,,,,,,,,,,,,Likely excluded by Waymo hub methodology (pre-June 2025)
30270-2258,1,Waymo LLC,1-Day,,,FEB-2022,1XPBD49X0ND, ,,Peterbilt,579 Epiq, ,2022.0, ,e900e303012f4e3,42556.0, ,In-Vehicle (Commercial / Test),5th Generation ADS, , ,, , ,, , ,, , ,,, , ,,,Yes,ADS,Waymo LLC, , ,Y, , , , , ,,FEB-2022, ,FEB-2022,10:30, ,8db2e10c839c6b3,[MAY CONTAIN PERSONALLY IDENTIFIABLE INFORMATION], ,[MAY CONTAIN PERSONALLY IDENTIFIABLE INFORMATION], ,[MAY CONTAIN PERSONALLY IDENTIFIABLE INFORMATION], ,Sacaton, ,AZ ,[MAY CONTAIN PERSONALLY IDENTIFIABLE INFORMATION], ,Highway / Freeway,Dry,No Unusual Conditions,75.0, ,Daylight,Y, , , , , , , ,,Heavy Truck,No Injuries Reported,Yes,Changing Lanes,Unknown,Yes, , ,Y, , ,Y, , ,Y, , ,Proceeding Straight,No,Yes,Yes,50.0, ,Y, , , , , , , , , , , , ,Y, ,Y,Y, , ,Yes,AZ Dept. of Public Safety, ,Yes,[MAY CONTAIN PERSONALLY IDENTIFIABLE INFORMATION], ,,Y,,Y,Yes, ,"On February [XXX], 2022 at 10:30 AM PST a Waymo Autonomous Vehicle (""Waymo AV"") Peterbilt Class 8 semi-truck and trailer, operating in Sacaton, AZ was in a collision involving a box truck on [XXX] south of [XXX]. 
The Waymo AV was traveling southbound on [XXX] in autonomous mode in the right lane, and a motor coach followed by a box truck were traveling in the adjacent left lane. Traffic in the left lane began to slow and the box truck steered to the right and crossed into the right lane before making contact with the passenger side rear corner of the motor coach and then making contact with the driver side rear axle of the Waymo AV trailer. At the time of the impact, the Waymo AV was in autonomous mode, and a test driver was present (in the driver's seating position). The Waymo AV trailer, motor coach, and box truck sustained damage. 
Waymo is reporting this crash under Request No. 1 of Standing General Order 2021-01 because a vehicle involved was towed away. Waymo may supplement or correct its reporting with additional information as it may become available. This report was submitted from the Pacific time zone on the required date.", ,"Prior to June 16, 2025 (Amendment 2)",,,,,,,,,,,,,,,,,,,,,,,,Likely excluded by Waymo hub methodology (pre-June 2025)