Report ID,Report Version,Reporting Entity,Report Type,Report Month,Report Year,Report Submission Date,VIN,VIN - Unknown,Serial Number,Make,Model,Model - Unknown,Model Year,Model Year - Unknown,Same Vehicle ID,Mileage,Mileage - Unknown,Driver / Operator Type,ADAS/ADS System Version,ADAS/ADS System Version - Unk,ADAS/ADS System Version CBI,ADAS/ADS Hardware Version,ADAS/ADS Hardware Version - Unk,ADAS/ADS Hardware Version CBI,ADAS/ADS Software Version,ADAS/ADS Software Version - Unk,ADAS/ADS Software Version CBI,Other Reporting Entities?,Other Reporting Entities? - Unk,Other Reporting Entities? - NA,Federal Regulatory Exemption?,Other Federal Reg. Exemption,Federal Reg. Exemption - Unk,Federal Reg. Exemption - No,State or Local Permit?,State or Local Permit,ADS Equipped?,Automation System Engaged?,Operating Entity,Operating Entity - Unknown,Source - Complaint/Claim,Source - Telematics,Source - Law Enforcement,Source - Field Report,Source - Testing,Source - Media,Source - Other,Source - Other Text,Incident Date,Incident Date - Unknown,Notice Received Date,Incident Time (24:00),Incident Time - Unknown,Same Incident ID,Latitude,Latitude - Unknown,Longitude,Longitude - Unknown,Address,Address - Unknown,City,City - Unknown,State,Zip Code,Zip Code - Unknown,Roadway Type,Roadway Surface,Roadway Description,Posted Speed Limit (MPH),Posted Speed Limit - Unknown,Lighting,Weather - Clear,Weather - Snow,Weather - Cloudy,Weather - Fog/Smoke/Haze,Weather - Rain,Weather - Severe Wind,Weather - Unknown,Weather - Other,Weather - Other Text,Crash With,Highest Injury Severity Alleged,Property Damage?,CP Pre-Crash Movement,CP Any Air Bags Deployed?,CP Was Vehicle Towed?,CP Contact Area - Rear Left,CP Contact Area - Left,CP Contact Area - Front Left,CP Contact Area - Rear,CP Contact Area - Top,CP Contact Area - Front,CP Contact Area - Rear Right,CP Contact Area - Right,CP Contact Area - Front Right,CP Contact Area - Bottom,CP Contact Area - Unknown,SV Pre-Crash Movement,Any Air Bags Deployed?,Was Any Vehicle Towed?,Were All Passengers Belted?,SV Precrash Speed (MPH),SV Pre-crash Speed - Unknown,SV Contact Area - Rear Left,SV Contact Area - Left,SV Contact Area - Front Left,SV Contact Area - Rear,SV Contact Area - Top,SV Contact Area - Front,SV Contact Area - Rear Right,SV Contact Area - Right,SV Contact Area - Front Right,SV Contact Area - Bottom,SV Contact Area - Unknown,Data Availability - EDR,Data Availability - Police Rpt,Data Availability - Telematics,Data Availability - Complaints,Data Availability - Video,Data Availability - Other,Data Availability - No Data,Data Availability - Unknown,Law Enforcement Investigating?,Investigating Agency,Investigating Agency - Unknown,Rep Ent Or Mfr Investigating?,Investigating Officer Name,Inv. Officer Name - Unknown,Investigating Officer Phone,Inv. Officer Phone - Unknown,Investigating Officer Email,Inv. Officer Email - Unknown,Within ODD?,Within ODD? - CBI,Narrative,Narrative - CBI?,Data Period,VIN Decoded,Make - Unknown,Automation Feature Version,Automation Feature Version CBI,Engagement Status,Source - Internal Process Review,Source - NHTSA VOQ,Source - Other - See Narrative,Source - Other Entity,Source - State or Other Agency,Roadway-Degraded Surface,Roadway-Missing/Degraded Marking,Roadway-No Unusual Conditions,Roadway-Other-See Narrative,Roadway-Traffic Incident,Roadway-Unknown,Roadway-Wet Surface Condition,Roadway-Work Zone,Weather - Partly Cloudy,Weather - Dust Storm,Weather - Severe Hurricane,Weather - Structure-Indoor,Weather - Unk - See Narrative,Reason Not In Hub
30270-3545,2,Waymo LLC,10-Day Update,,,AUG-2022,2C4RC1K74HR, ,,Chrysler,Pacifica, ,2017.0, ,27c58a6d27dde97,52590.0, ,In-Vehicle (Commercial / Test),4th Generation ADS, , ,, , ,, , ,, , ,,, , ,,,Yes,ADS,Waymo LLC, , ,Y, , , , , ,,AUG-2022, ,AUG-2022,10:25, ,c0aefb7adffb8c7,[MAY CONTAIN PERSONALLY IDENTIFIABLE INFORMATION], ,[MAY CONTAIN PERSONALLY IDENTIFIABLE INFORMATION], ,[MAY CONTAIN PERSONALLY IDENTIFIABLE INFORMATION], ,Tempe, ,AZ ,[MAY CONTAIN PERSONALLY IDENTIFIABLE INFORMATION], ,Intersection,Dry,No Unusual Conditions,30.0, ,Daylight, , ,Y, , , , , ,,Other Fixed Object,No Injuries Reported,Yes,,,, , , , , , , , , , , ,Lane / Road Departure,No,Yes,Yes,18.0, , , ,Y, , ,Y, ,Y,Y, , , , ,Y, ,Y,Y, , ,Yes,Tempe Police Department, ,Yes,,Y,,Y,,Y,Yes, ,"The content of this report is unchanged from the initial report submitted on August [XXX], 2022 [REDACTED, MAY CONTAIN CONFIDENTIAL BUSINESS INFORMATION]. 
On August [XXX], 2022 at 10:25 AM PST a Waymo Autonomous Vehicle (Waymo AV) operating in Tempe, Arizona was in a collision involving a road sign and crosswalk button post on [XXX] at [XXX]. 
The Waymo AV was traveling westbound on [XXX] in autonomous mode when it passed [XXX]. As the Waymo AV was in the intersection of [XXX] and [XXX], and was approaching the right turn lane at the intersection of [XXX] and [XXX] and following the lane markings, the Waymo AV test driver transitioned the system to manual mode. The Waymo AV then made contact with the right curb on [XXX] as well as a road sign and a crosswalk button post located adjacent to the roadway. At the time of the impact, the Waymo AVs Level 4 ADS was not engaged and a test driver was operating the Waymo AV in manual mode. The Waymo AV sustained minor damage.
Waymo is reporting this crash under Request No. 1 of Standing General Order 2021-01 because a vehicle involved was towed away. Waymo may supplement or correct its reporting with additional information as it may become available. This report was submitted from the Eastern time zone on the required date.", ,"Prior to June 16, 2025 (Amendment 2)",,,,,,,,,,,,,,,,,,,,,,,,Likely excluded by Waymo hub methodology (pre-June 2025)
30270-3636,1,Waymo LLC,Monthly,7.0,2022.0,AUG-2022,2C4RC1K79HR, ,,Chrysler,Pacifica, ,2017.0, ,c9e543e540c6f4d,23524.0, ,In-Vehicle (Commercial / Test),4th Generation ADS, , ,, , ,, , ,, , ,,, , ,,,Yes,ADS,Waymo LLC, , ,Y, , , , , ,,JUL-2022, ,JUL-2022,02:50, ,c548615e4cd4ee2,[MAY CONTAIN PERSONALLY IDENTIFIABLE INFORMATION], ,[MAY CONTAIN PERSONALLY IDENTIFIABLE INFORMATION], ,[MAY CONTAIN PERSONALLY IDENTIFIABLE INFORMATION], ,Tempe, ,AZ ,[MAY CONTAIN PERSONALLY IDENTIFIABLE INFORMATION], ,Parking Lot,Dry,No Unusual Conditions,15.0, ,Dark - Lighted, , , , , , ,Y, ,,Passenger Car,No Injuries Reported,Yes,Backing,No,No, , , ,Y, , , , , , , ,Stopped,No,No,"No, see Narrative",0.0, , , , , , , , , ,Y, , , , ,Y, ,Y,Y, , ,No,, ,Yes,, ,, ,, ,Yes, ,"On July [XXX], 2022 at 2:50 AM PST a Waymo Autonomous Vehicle (Waymo AV) operating in Tempe, Arizona was in a collision involving a passenger vehicle in a parking lot at the corner of [XXX] and [XXX].
The Waymo AV was stopped to pick up a passenger when a passenger vehicle, parked perpendicular and to the right of the Waymo AV, reversed out of a parking spot. The rear of the passenger vehicle made contact with the front passenger side corner of the Waymo AV as the passenger was closing the door on the driver side of the Waymo AV prior to fastening their seat belt. At the time of the impact, the Waymo AVs Level 4 ADS was engaged in autonomous mode, and a test driver was present (in the drivers seating position). Both vehicles sustained damage.
Waymo is reporting this crash under Request No. 2 of Standing General Order 2021-01. Waymo may supplement or correct its reporting with additional information as it may become available. This report was submitted from the Eastern time zone on the required date.", ,"Prior to June 16, 2025 (Amendment 2)",,,,,,,,,,,,,,,,,,,,,,,,Likely excluded by Waymo hub methodology (pre-June 2025)
30270-3786,2,Waymo LLC,10-Day Update,,,SEP-2022,SADHW2S17M1, ,,Jaguar,I-Pace, ,2021.0, ,2e36ef5640679ec,29977.0, ,In-Vehicle (Commercial / Test),5th Generation ADS, , ,, , ,, , ,, , ,,, , ,,,Yes,ADS,Waymo LLC, , ,Y, , , , , ,,SEP-2022, ,SEP-2022,13:13, ,5ecd17ff9881950,[MAY CONTAIN PERSONALLY IDENTIFIABLE INFORMATION], ,[MAY CONTAIN PERSONALLY IDENTIFIABLE INFORMATION], ,[MAY CONTAIN PERSONALLY IDENTIFIABLE INFORMATION], ,Phoenix, ,AZ ,[MAY CONTAIN PERSONALLY IDENTIFIABLE INFORMATION], ,Intersection,Dry,No Unusual Conditions,35.0, ,Daylight,Y, , , , , , , ,,Passenger Car,Unknown,Yes,Proceeding Straight,No,Unknown,Y, ,Y,Y, ,Y,Y, ,Y, , ,Stopped,No,Yes,Yes,0.0, , , , , , , ,Y, , , , , , ,Y, ,Y,Y, , ,Unknown,,Y,Yes,,Y,,Y,,Y,Yes, ,"Other than updating the ADS Version to the correct Waymo ADS generation, and correcting the Were All Passengers Belted? and Property Damage? fields, the content of this report is unchanged from the initial report submitted on September [XXX], 2022 [REDACTED, MAY CONTAIN CONFIDENTIAL BUSINESS INFORMATION]. 
On September [XXX], 2022 at 1:13 PM PST a Waymo Autonomous Vehicle (Waymo AV) operating in Phoenix, Arizona was in a collision involving two passenger cars on [XXX] at [XXX].
The Waymo AV was stopped in traffic at a red light facing West on [XXX]. The passenger car immediately behind the Waymo AV slowed and came to a near stop when a second passenger car approaching from behind made contact with the rear of the first passenger car, causing that car to make contact with the rear of the Waymo AV.
At the time of the impact, the Waymo AVs Level 4 ADS was engaged in autonomous mode, and a test driver was present (in the drivers seating position). All three vehicles sustained damage.
Waymo is reporting this crash under Request No. 1 of Standing General Order 2021-01 because a vehicle involved was towed away, because of airbag deployment, and because an occupant in one of the passenger vehicles was transported for medical attention. Waymo may supplement or correct its reporting with additional information as it may become available.", ,"Prior to June 16, 2025 (Amendment 2)",,,,,,,,,,,,,,,,,,,,,,,,Likely excluded by Waymo hub methodology (pre-June 2025)
30270-3837,1,Waymo LLC,Monthly,8.0,2022.0,SEP-2022,SADHW2S15M1, ,,Jaguar,I-Pace, ,2021.0, ,9d4d73bafd748f5,38984.0, ,In-Vehicle (Commercial / Test),5th Generation ADS, , ,, , ,, , ,, , ,,, , ,,,Yes,ADS,Waymo LLC, , ,Y, , , , , ,,AUG-2022, ,AUG-2022,11:03, ,6c37f91fda20d45,[MAY CONTAIN PERSONALLY IDENTIFIABLE INFORMATION], ,[MAY CONTAIN PERSONALLY IDENTIFIABLE INFORMATION], ,[MAY CONTAIN PERSONALLY IDENTIFIABLE INFORMATION], ,Tempe, ,AZ ,[MAY CONTAIN PERSONALLY IDENTIFIABLE INFORMATION], ,Street,Dry,No Unusual Conditions,45.0, ,Daylight,Y, , , , , , , ,,Passenger Car,No Injuries Reported,Yes,Changing Lanes,No,No,Y, , , , , , , , , , ,Proceeding Straight,No,No,Yes,45.0, , , , , , , , , ,Y, , , , ,Y, ,Y,Y, , ,No,, ,Yes,, ,, ,, ,Yes, ,"On August [XXX], 2022 at 11:03 AM PST a Waymo Autonomous Vehicle (""Waymo AV"") operating in Tempe, Arizona was in a collision involving a passenger vehicle on [XXX] near [XXX].
The Waymo AV was traveling northbound on [XXX] and had passed [XXX] when a passenger vehicle approached the Waymo AV from behind. The passenger vehicle then made a lane change into its adjacent right lane, and passed the Waymo AV. As it passed the Waymo AV, the passenger vehicle made a lane change back into the left adjacent lane, and its driver side rear quarter panel made contact with the Waymo AV's passenger side front quarter panel. At the time of the impact, the Waymo AV's Level 4 ADS was engaged in autonomous mode, and a test driver was present (in the driver's seating position). Both vehicles sustained damage.
Waymo is reporting this crash under Request No. 2 of Standing General Order 2021-01. Waymo may supplement or correct its reporting with additional information as it may become available.", ,"Prior to June 16, 2025 (Amendment 2)",,,,,,,,,,,,,,,,,,,,,,,,Likely excluded by Waymo hub methodology (pre-June 2025)
30270-3841,1,Waymo LLC,Monthly,8.0,2022.0,SEP-2022,SADHW2S15M1, ,,Jaguar,I-Pace, ,2021.0, ,c5a24e4de70b2d6,40181.0, ,In-Vehicle (Commercial / Test),5th Generation ADS, , ,, , ,, , ,, , ,,, , ,,,Yes,ADS,Waymo LLC, , ,Y, , , , , ,,AUG-2022, ,AUG-2022,23:30, ,d54f3de7649b381,[MAY CONTAIN PERSONALLY IDENTIFIABLE INFORMATION], ,[MAY CONTAIN PERSONALLY IDENTIFIABLE INFORMATION], ,[MAY CONTAIN PERSONALLY IDENTIFIABLE INFORMATION], ,Phoenix, ,AZ ,[MAY CONTAIN PERSONALLY IDENTIFIABLE INFORMATION], ,Street,Dry,No Unusual Conditions,25.0, ,Dark - Lighted, , , , , , ,Y, ,,Animal,No Injuries Reported,Yes,"Other, see Narrative",,, , , , , , , , , , , ,Proceeding Straight,No,No,Yes,23.0, , , , , , ,Y, , , , , , , ,Y, ,Y,Y, , ,No,, ,Yes,, ,, ,, ,Yes, ,"On August [XXX], 2022 at 11:30 PM PST a Waymo Autonomous Vehicle (""Waymo AV"") operating in Phoenix, Arizona was in a collision involving a domestic dog on the 800 block of [XXX].
The Waymo AV was traveling eastbound on [XXX] when a domestic dog ran into the street in front of the Waymo AV. The Waymo AV then made contact with the dog and the dog died at the scene. At the time of the impact, the Waymo AV's Level 4 ADS was engaged in autonomous mode, and a test driver was present (in the driver's seating position). 
Waymo is reporting this crash under Request No. 2 of Standing General Order 2021-01. Waymo may supplement or correct its reporting with additional information as it may become available.", ,"Prior to June 16, 2025 (Amendment 2)",,,,,,,,,,,,,,,,,,,,,,,,Likely excluded by Waymo hub methodology (pre-June 2025)
30270-3848,1,Waymo LLC,Monthly,8.0,2022.0,SEP-2022,1XPBD49XXMD, ,,Peterbilt,579 Epiq, ,2021.0, ,3c9d14cc7392a38,194446.0, ,In-Vehicle (Commercial / Test),5th Generation ADS, , ,, , ,, , ,, , ,,, , ,,,Yes,ADS,Waymo LLC, , , , , , , ,Y,Driver Report,AUG-2022, ,AUG-2022,18:33, ,a2d260068d10cc9,[MAY CONTAIN PERSONALLY IDENTIFIABLE INFORMATION], ,[MAY CONTAIN PERSONALLY IDENTIFIABLE INFORMATION], ,[MAY CONTAIN PERSONALLY IDENTIFIABLE INFORMATION], ,Ennis, ,TX ,[MAY CONTAIN PERSONALLY IDENTIFIABLE INFORMATION], ,Highway / Freeway,Dry,No Unusual Conditions,65.0, ,Dawn / Dusk, , ,Y, , , , , ,,Heavy Truck,No Injuries Reported,Yes,Changing Lanes,No,No, , , , , , ,Y, , , , ,Proceeding Straight,No,No,Yes,61.0, , , ,Y, , , , , , , , , , ,Y, ,Y,Y, , ,No,, ,Yes,, ,, ,, ,Yes, ,"On August [XXX], 2022 at 6:33 PM PST a Waymo Autonomous Vehicle (""Waymo AV"") Peterbilt Class 8 semi-truck and trailer, operating in Ennis, Texas was in a collision involving a Class 8 semi-truck and trailer on northbound [XXX] near [XXX]. 
The Waymo AV was traveling in autonomous mode in the middle lane on [XXX] when a Class 8 semi-truck and trailer began to pass it in the adjacent left lane. Before the adjacent Class 8 semi-truck and trailer had fully passed the Waymo AV, it began to execute a right lane change and its trailer (the right side, rear section) entered the lane in which the Waymo AV was traveling and made contact with the driver side of the Waymo AV cab. The Waymo AV transitioned to manual mode and the test driver took control. At the time of the impact, the Waymo AV's ADS was engaged in autonomous mode, and a test driver was present (in the driver's seating position). The Waymo AV sustained damage and the third-party Class 8 semi-truck and trailer did not stop to exchange information. 
Waymo is reporting this crash under Request No. 2 of Standing General Order 2021-01. Waymo may supplement or correct its reporting with additional information as it may become available.", ,"Prior to June 16, 2025 (Amendment 2)",,,,,,,,,,,,,,,,,,,,,,,,Likely excluded by Waymo hub methodology (pre-June 2025)
30270-3851,1,Waymo LLC,Monthly,8.0,2022.0,SEP-2022,SADHW2S11M1, ,,Jaguar,I-Pace, ,2021.0, ,03a8719f5e6a313,44439.0, ,In-Vehicle (Commercial / Test),5th Generation ADS, , ,, , ,, , ,, , ,,, , ,,,Yes,ADS,Waymo LLC, , ,Y, , , , , ,,AUG-2022, ,AUG-2022,00:06, ,46e037718707dda,[MAY CONTAIN PERSONALLY IDENTIFIABLE INFORMATION], ,[MAY CONTAIN PERSONALLY IDENTIFIABLE INFORMATION], ,[MAY CONTAIN PERSONALLY IDENTIFIABLE INFORMATION], ,Tempe, ,AZ ,[MAY CONTAIN PERSONALLY IDENTIFIABLE INFORMATION], ,Street,Dry,No Unusual Conditions,30.0, ,Dark - Lighted, , , , , , ,Y, ,,Passenger Car,No Injuries Reported,Yes,Stopped,No,No, ,Y, , , , , , , , , ,Proceeding Straight,No,No,Yes,10.0, , , , , , , ,Y, , , , , , ,Y, ,Y,Y, , ,No,, ,Yes,, ,, ,, ,Yes, ,"On August [XXX], 2022 at 12:06 AM PST a Waymo Autonomous Vehicle (""Waymo AV"") operating in Tempe, Arizona was in a collision involving a passenger vehicle near [XXX]. 
The Waymo AV was traveling eastbound on [XXX] when it approached a passenger vehicle stopped along the right shoulder in the bike lane. As the Waymo AV passed the passenger vehicle, one of the passenger vehicle's driver side doors opened and made contact with the Waymo AV. At the time of the impact, the Waymo AV's Level 4 ADS was engaged in autonomous mode, and a test driver was present (in the driver's seating position). Both vehicles sustained damage.
Waymo is reporting this crash under Request No. 2 of Standing General Order 2021-01. Waymo may supplement or correct its reporting with additional information as it may become available.", ,"Prior to June 16, 2025 (Amendment 2)",,,,,,,,,,,,,,,,,,,,,,,,Likely excluded by Waymo hub methodology (pre-June 2025)
30270-4074,1,Waymo LLC,Monthly,9.0,2022.0,OCT-2022,1XPBD49X2ND, ,,Peterbilt,579 Epiq, ,2022.0, ,5fdcce1b9f02689,139488.0, ,In-Vehicle (Commercial / Test),5th Generation ADS, , ,, , ,, , ,, , ,,, , ,,,Yes,ADS,Waymo LLC, , ,Y, , , , , ,,SEP-2022, ,SEP-2022,04:03, ,eaaa32d19d1c43f,[MAY CONTAIN PERSONALLY IDENTIFIABLE INFORMATION], ,[MAY CONTAIN PERSONALLY IDENTIFIABLE INFORMATION], ,[MAY CONTAIN PERSONALLY IDENTIFIABLE INFORMATION], ,Huntsville, ,TX ,[MAY CONTAIN PERSONALLY IDENTIFIABLE INFORMATION], ,Highway / Freeway,Dry,No Unusual Conditions,75.0, ,Dark - Not Lighted,Y, , , , , , , ,,"Other, see Narrative",No Injuries Reported,Yes,"Other, see Narrative",Not Applicable,Not Applicable, , , , , , , , , , ,Y,Proceeding Straight,No,No,Yes,35.0, , , , , , , ,Y, , , , , , ,Y, ,Y,Y, , ,No,, ,Yes,, ,, ,, ,Yes, ,"On September [XXX], 2022 at 4:03 AM PST a Waymo Autonomous Vehicle (Waymo AV) Peterbilt Class 8 semi-truck and trailer, operating in Hunstville, Texas was in a collision involving a loose tire on southbound [XXX] near the [XXX].
The Waymo AV was in autonomous mode and in the rightmost lane approaching a slow-moving pickup truck traveling behind a slow-moving box truck, when the Waymo AV test driver transitioned to manual mode. The Waymo AV test driver then made a left lane change to pass the two vehicles. As the Waymo AV passed the pick-up truck and box truck, a loose wheel (including attached tire) appeared from behind the box truck rolling toward the Waymo AVs lane. The wheel/tire made contact with the passenger right side rear corner of the Waymo AVs trailer. At the time of the impact, the Waymo AVs Level 4 ADS was not engaged and a test driver was operating the Waymo AV in manual mode. The Waymo AVs trailer sustained damage.
Waymo is reporting this crash under Request No. 2 of Standing General Order 2021-01. Waymo may supplement or correct its reporting with additional information as it may become available.", ,"Prior to June 16, 2025 (Amendment 2)",,,,,,,,,,,,,,,,,,,,,,,,Likely excluded by Waymo hub methodology (pre-June 2025)
30270-4104,2,Waymo LLC,10-Day Update,,,NOV-2022,1XPBD49X9ND, ,,Peterbilt,579 Epiq, ,2022.0, ,ecbf8e4637f763d,151927.0, ,In-Vehicle (Commercial / Test),5th Generation ADS, , ,, , ,, , ,, , ,,, , ,,,Yes,ADS,Waymo LLC, , ,Y, , , , , ,,OCT-2022, ,OCT-2022,13:35, ,17c618d238f493f,[MAY CONTAIN PERSONALLY IDENTIFIABLE INFORMATION], ,[MAY CONTAIN PERSONALLY IDENTIFIABLE INFORMATION], ,[MAY CONTAIN PERSONALLY IDENTIFIABLE INFORMATION], ,Tempe, ,AZ ,[MAY CONTAIN PERSONALLY IDENTIFIABLE INFORMATION], ,Highway / Freeway,Dry,No Unusual Conditions,65.0, ,Daylight,Y, , , , , , , ,,Passenger Car,No Injuries Reported,Yes,"Other, see Narrative",Yes,Unknown, , ,Y, , ,Y, , ,Y, , ,Proceeding Straight,No,Yes,Yes,59.0, , , , , , , ,Y,Y, , , , , ,Y, ,Y,Y, , ,Yes,AZ Highway Patrol Division, ,Yes,[MAY CONTAIN PERSONALLY IDENTIFIABLE INFORMATION], ,[MAY CONTAIN PERSONALLY IDENTIFIABLE INFORMATION], ,,Y,Yes, ,"The content of this report is unchanged from the initial report submitted on October [XXX], 2022 [REDACTED, MAY CONTAIN CONFIDENTIAL BUSINESS INFORMATION]. 
On October [XXX], 2022 at 1:35 PM PST a Waymo Autonomous Vehicle (""Waymo AV"") Peterbilt Class 8 semi-truck and trailer, operating in Tempe, Arizona was in a collision involving a passenger vehicle on [XXX] near [XXX].
The Waymo AV was traveling in autonomous mode on southbound [XXX] and an SUV was traveling ahead of the Waymo AV in the right adjacent lane. The SUV approached stopped traffic in its lane and struck a passenger vehicle. The Waymo AV test driver then transitioned to manual mode. The passenger vehicle that was struck by the SUV spun 90 degrees counterclockwise and was pushed partially into the Waymo AV's lane, making contact with the right side of the Waymo AV and trailer. At the time of the impact, the Waymo AV's Level 4 ADS was not engaged and a test driver was operating the Waymo AV in manual mode. The Waymo AV, trailer, and passenger vehicle sustained damage.
Waymo is reporting this crash under Request No. 1 of Standing General Order 2021-01 because an airbag deployed (in the passenger vehicle) and a vehicle involved was towed away. Waymo may supplement or correct its reporting with additional information as it may become available.", ,"Prior to June 16, 2025 (Amendment 2)",,,,,,,,,,,,,,,,,,,,,,,,Likely excluded by Waymo hub methodology (pre-June 2025)
30270-4708,1,Waymo LLC,Monthly,12.0,2022.0,JAN-2023,1XPBD49X5MD, ,,Peterbilt,579 Epiq, ,2021.0, ,e3f4abc806213fd,224066.0, ,In-Vehicle (Commercial / Test),5th Generation ADS, , ,, , ,, , ,, , ,,, , ,,,Yes,ADS,Waymo LLC, , ,Y, , , , , ,,DEC-2022, ,DEC-2022,5:18, ,38b526747d0f6d0,[MAY CONTAIN PERSONALLY IDENTIFIABLE INFORMATION], ,[MAY CONTAIN PERSONALLY IDENTIFIABLE INFORMATION], ,[MAY CONTAIN PERSONALLY IDENTIFIABLE INFORMATION], ,Sacaton, ,AZ ,[MAY CONTAIN PERSONALLY IDENTIFIABLE INFORMATION], ,Highway / Freeway,Dry,No Unusual Conditions,75.0, ,Dark - Not Lighted, , ,Y, , , , , ,,"Other, see Narrative",No Injuries Reported,Yes,Proceeding Straight,No,No,Y, , , , , , , , , , ,Changing Lanes,No,No,Yes,51.0, , , , , , , , , ,Y, , , ,Y,Y, ,Y,Y, , ,Yes,Arizona Department of Public Safety, ,Yes,[MAY CONTAIN PERSONALLY IDENTIFIABLE INFORMATION], ,,Y,,Y,Yes, ,"On December [XXX], 2022 at 5:18 AM PST a Waymo Autonomous Vehicle (Waymo AV) Peterbilt Class 8 semi-truck and trailer operating in Sacaton, Arizona was in a collision involving a Class 8 semi-truck and flat-bed trailer on [XXX], near mile marker [XXX]. 
The Waymo AV was traveling straight in autonomous mode in the leftmost lane, when the test driver took manual control and attempted a right lane change. As the test driver prepared to make the lane change, there was a Class 8 semi-truck and flat-bed trailer passing in the adjacent right lane. As the Waymo AV test driver initiated the lane change, the Waymo AV made contact with the rear corner of the flat-bed trailer. At the time of the impact, the Waymo AVs Level 4 ADS was not engaged and a test driver was operating the Waymo AV in manual mode. The Waymo AV sustained damage.
Waymo is reporting this crash under Request No. 2 of Standing General Order 2021-01. Waymo may supplement or correct its reporting with additional information as it may become available.", ,"Prior to June 16, 2025 (Amendment 2)",,,,,,,,,,,,,,,,,,,,,,,,Likely excluded by Waymo hub methodology (pre-June 2025)
30270-4906,2,Waymo LLC,10-Day Update,,,FEB-2023,SADHW2S16M1, ,,Jaguar,I-Pace, ,2021.0, ,539ccc1f53d0028,47034.0, ,In-Vehicle (Commercial / Test),5th Generation ADS, , ,, , ,, , ,, , ,,, , ,,,Yes,ADS,Waymo LLC, , ,Y, , , , , ,,FEB-2023, ,FEB-2023,13:08, ,5ab71fb3ca70aad,[MAY CONTAIN PERSONALLY IDENTIFIABLE INFORMATION], ,[MAY CONTAIN PERSONALLY IDENTIFIABLE INFORMATION], ,[MAY CONTAIN PERSONALLY IDENTIFIABLE INFORMATION], ,Tempe, ,AZ ,[MAY CONTAIN PERSONALLY IDENTIFIABLE INFORMATION], ,Highway / Freeway,Dry,No Unusual Conditions,65.0, ,Daylight,Y, , , , , , , ,,Passenger Car,No Injuries Reported,Yes,Proceeding Straight,No,No, , ,Y, , ,Y, , ,Y, , ,Proceeding Straight,No,Yes,Yes,13.0, ,Y, , ,Y, , ,Y, , , , , , ,Y, ,Y,Y, , ,Unknown,,Y,Yes,,Y,,Y,,Y,Yes, ,"Other than removing the time zone from the narrative below and correcting the total number of lanes on the highway, the content of this report is unchanged from the initial report submitted on February 19, 2023 [REDACTED, MAY CONTAIN CONFIDENTIAL BUSINESS INFORMATION]. 
On February [XXX], 2023 at 1:08 PM PST a Waymo Autonomous Vehicle (Waymo AV) operating in Tempe, AZ was in a collision involving a Passenger Car on [XXX] near [XXX] ([XXX]).
The Waymo AV was traveling in the second lane from the right (lane 5 out of 6 lanes) in the eastbound direction of [XXX] when it started to decelerate in response to slow traffic ahead in the AVs lane. A passenger vehicle approached the Waymo AV from behind and made contact with the rear of the Waymo AV. At the time of the impact, the Waymo AVs Level 4 ADS was not engaged and a test driver was operating the Waymo AV in manual mode. The Waymo AV sustained damage. The other vehicle left the scene without exchanging information.
Waymo is reporting this crash under Request No. 1 of Standing General Order 2021-01 because a vehicle involved was towed away. Waymo may supplement or correct its reporting with additional information as it may become available.", ,"Prior to June 16, 2025 (Amendment 2)",,,,,,,,,,,,,,,,,,,,,,,,Likely excluded by Waymo hub methodology (pre-June 2025)