Report ID,Report Version,Reporting Entity,Report Type,Report Month,Report Year,Report Submission Date,VIN,VIN - Unknown,Serial Number,Make,Model,Model - Unknown,Model Year,Model Year - Unknown,Same Vehicle ID,Mileage,Mileage - Unknown,Driver / Operator Type,ADAS/ADS System Version,ADAS/ADS System Version - Unk,ADAS/ADS System Version CBI,ADAS/ADS Hardware Version,ADAS/ADS Hardware Version - Unk,ADAS/ADS Hardware Version CBI,ADAS/ADS Software Version,ADAS/ADS Software Version - Unk,ADAS/ADS Software Version CBI,Other Reporting Entities?,Other Reporting Entities? - Unk,Other Reporting Entities? - NA,Federal Regulatory Exemption?,Other Federal Reg. Exemption,Federal Reg. Exemption - Unk,Federal Reg. Exemption - No,State or Local Permit?,State or Local Permit,ADS Equipped?,Automation System Engaged?,Operating Entity,Operating Entity - Unknown,Source - Complaint/Claim,Source - Telematics,Source - Law Enforcement,Source - Field Report,Source - Testing,Source - Media,Source - Other,Source - Other Text,Incident Date,Incident Date - Unknown,Notice Received Date,Incident Time (24:00),Incident Time - Unknown,Same Incident ID,Latitude,Latitude - Unknown,Longitude,Longitude - Unknown,Address,Address - Unknown,City,City - Unknown,State,Zip Code,Zip Code - Unknown,Roadway Type,Roadway Surface,Roadway Description,Posted Speed Limit (MPH),Posted Speed Limit - Unknown,Lighting,Weather - Clear,Weather - Snow,Weather - Cloudy,Weather - Fog/Smoke/Haze,Weather - Rain,Weather - Severe Wind,Weather - Unknown,Weather - Other,Weather - Other Text,Crash With,Highest Injury Severity Alleged,Property Damage?,CP Pre-Crash Movement,CP Any Air Bags Deployed?,CP Was Vehicle Towed?,CP Contact Area - Rear Left,CP Contact Area - Left,CP Contact Area - Front Left,CP Contact Area - Rear,CP Contact Area - Top,CP Contact Area - Front,CP Contact Area - Rear Right,CP Contact Area - Right,CP Contact Area - Front Right,CP Contact Area - Bottom,CP Contact Area - Unknown,SV Pre-Crash Movement,Any Air Bags Deployed?,Was Any Vehicle Towed?,Were All Passengers Belted?,SV Precrash Speed (MPH),SV Pre-crash Speed - Unknown,SV Contact Area - Rear Left,SV Contact Area - Left,SV Contact Area - Front Left,SV Contact Area - Rear,SV Contact Area - Top,SV Contact Area - Front,SV Contact Area - Rear Right,SV Contact Area - Right,SV Contact Area - Front Right,SV Contact Area - Bottom,SV Contact Area - Unknown,Data Availability - EDR,Data Availability - Police Rpt,Data Availability - Telematics,Data Availability - Complaints,Data Availability - Video,Data Availability - Other,Data Availability - No Data,Data Availability - Unknown,Law Enforcement Investigating?,Investigating Agency,Investigating Agency - Unknown,Rep Ent Or Mfr Investigating?,Investigating Officer Name,Inv. Officer Name - Unknown,Investigating Officer Phone,Inv. Officer Phone - Unknown,Investigating Officer Email,Inv. Officer Email - Unknown,Within ODD?,Within ODD? - CBI,Narrative,Narrative - CBI?,Data Period,VIN Decoded,Make - Unknown,Automation Feature Version,Automation Feature Version CBI,Engagement Status,Source - Internal Process Review,Source - NHTSA VOQ,Source - Other - See Narrative,Source - Other Entity,Source - State or Other Agency,Roadway-Degraded Surface,Roadway-Missing/Degraded Marking,Roadway-No Unusual Conditions,Roadway-Other-See Narrative,Roadway-Traffic Incident,Roadway-Unknown,Roadway-Wet Surface Condition,Roadway-Work Zone,Weather - Partly Cloudy,Weather - Dust Storm,Weather - Severe Hurricane,Weather - Structure-Indoor,Weather - Unk - See Narrative,Reason Not In Hub
30270-5082,1,Waymo LLC,Monthly,2.0,2023.0,MAR-2023,SADHW2S15M1, ,,Jaguar,I-Pace, ,2021.0, ,4dd9f0bc3236236,50282.0, ,In-Vehicle (Commercial / Test),5th Generation ADS, , ,, , ,, , ,, , ,,, , ,,,Yes,ADS,Waymo LLC, , ,Y, , , , , ,,FEB-2023, ,FEB-2023,17:27, ,7c0c1b1cf93259f,[MAY CONTAIN PERSONALLY IDENTIFIABLE INFORMATION], ,[MAY CONTAIN PERSONALLY IDENTIFIABLE INFORMATION], ,[MAY CONTAIN PERSONALLY IDENTIFIABLE INFORMATION], ,Tempe, ,AZ ,[MAY CONTAIN PERSONALLY IDENTIFIABLE INFORMATION], ,Street,Dry,No Unusual Conditions,45.0, ,Daylight,Y, , , , , , , ,,SUV,No Injuries Reported,No,Changing Lanes,No,No, , , , , , , , ,Y, , ,Proceeding Straight,No,No,Yes,40.0, ,Y, , , , , , , , , , , , ,Y, ,Y,Y, , ,No,, ,Yes,, ,, ,, ,Yes, ,"On February [XXX], 2023 at 5:27 PM PST a Waymo Autonomous Vehicle (""Waymo AV"") operating in Tempe, Arizona was in a collision involving a SUV on [XXX]  at [XXX].
The Waymo AV was traveling North on [XXX] in the rightmost lane. As the Waymo AV approached the intersection of [XXX], traffic in the two lanes to the left of the Waymo AV was backed up and moving slowly or stopped. A SUV attempted to merge from the leftmost lane across a gap in traffic in the center lane and into the rightmost lane. While attempting to enter the Waymo AV's lane, the front right of the SUV made contact with the rear left of the Waymo AV. At the time of the impact, the Waymo AV's Level 4 ADS was engaged in autonomous mode, and a test driver was present (in the driver's seating position). Both vehicles sustained damage.
Waymo is reporting this crash under Request No. 2 of Standing General Order 2021-01. Waymo may supplement or correct its reporting with additional information as it may become available.", ,"Prior to June 16, 2025 (Amendment 2)",,,,,,,,,,,,,,,,,,,,,,,,Likely excluded by Waymo hub methodology (pre-June 2025)
30270-5324,1,Waymo LLC,Monthly,3.0,2023.0,APR-2023,SADHW2S12M1, ,,Jaguar,I-Pace, ,2021.0, ,11bc4fb24b37091,44094.0, ,In-Vehicle (Commercial / Test),5th Generation ADS, , ,, , ,, , ,, , ,,, , ,,,Yes,ADS,Waymo LLC, , ,Y, , , , , ,,MAR-2023, ,MAR-2023,19:00, ,2d4a3a2b53be493,[MAY CONTAIN PERSONALLY IDENTIFIABLE INFORMATION], ,[MAY CONTAIN PERSONALLY IDENTIFIABLE INFORMATION], ,[MAY CONTAIN PERSONALLY IDENTIFIABLE INFORMATION], ,Tempe, ,AZ ,[MAY CONTAIN PERSONALLY IDENTIFIABLE INFORMATION], ,Street,Dry,No Unusual Conditions,40.0, ,Dark - Lighted,Y, , , , , , , ,,Passenger Car,Minor,Unknown,Proceeding Straight,No,No, , ,Y, , ,Y, , ,Y, , ,Proceeding Straight,No,No,Yes,1.0, ,Y, , ,Y, , ,Y, , , , , , ,Y, ,Y,Y, , ,Yes,Tempe Police Department, ,Yes,[MAY CONTAIN PERSONALLY IDENTIFIABLE INFORMATION], ,[MAY CONTAIN PERSONALLY IDENTIFIABLE INFORMATION], ,[MAY CONTAIN PERSONALLY IDENTIFIABLE INFORMATION], ,Yes, ,"On March [XXX], 2023 at 7:00 PM PST a Waymo Autonomous Vehicle (Waymo AV) operating in Tempe, Arizona was in a collision involving a passenger vehicle on [XXX] near [XXX].
The Waymo AV was traveling southbound on [XXX] behind traffic that was backed up from the intersection with [XXX]. As the Waymo AV was accelerating from a stop, a passenger vehicle approached the Waymo AV from behind and made contact with the rear of the Waymo AV. At the time of the impact, the Waymo AVs Level 4 ADS was engaged in autonomous mode, and a test driver was present (in the drivers seating position). The Waymo AV test driver reported having a minor injury and the passenger vehicle left the scene.
Waymo is reporting this crash under Request No. 2 of Standing General Order 2021-01. Waymo may supplement or correct its reporting with additional information as it may become available.", ,"Prior to June 16, 2025 (Amendment 2)",,,,,,,,,,,,,,,,,,,,,,,,Likely excluded by Waymo hub methodology (pre-June 2025)
30270-5326,1,Waymo LLC,Monthly,3.0,2023.0,APR-2023,SADHW2S10M1, ,,Jaguar,I-Pace, ,2021.0, ,4d3dc5f194fb109,61708.0, ,In-Vehicle (Commercial / Test),5th Generation ADS, , ,, , ,, , ,, , ,,, , ,,,Yes,ADS,Waymo LLC, , ,Y, , , , , ,,MAR-2023, ,MAR-2023,13:35, ,91bc2053ec7b4b5,[MAY CONTAIN PERSONALLY IDENTIFIABLE INFORMATION], ,[MAY CONTAIN PERSONALLY IDENTIFIABLE INFORMATION], ,[MAY CONTAIN PERSONALLY IDENTIFIABLE INFORMATION], ,Tempe, ,AZ ,[MAY CONTAIN PERSONALLY IDENTIFIABLE INFORMATION], ,Intersection,Dry,No Unusual Conditions,35.0, ,Daylight,Y, , , , , , , ,,Passenger Car,No Injuries Reported,Yes,Making Right Turn,No,No, , , , , , , , ,Y, , ,Making Right Turn,No,No,Yes,2.0, , , , ,Y, , , , , , , , , ,Y, ,Y,Y, , ,No,, ,Yes,, ,, ,, ,Yes, ,"On March [XXX], 2023 at 1:35 PM PST a Waymo Autonomous Vehicle (Waymo AV) operating in Tempe, Arizona was in a collision involving a passenger car on [XXX] and [XXX].
While attempting a right turn in autonomous mode from westbound [XXX] onto northbound [XXX], the Waymo AV was yielding to traffic approaching from the left. As the Waymo AV attempted to proceed, the test driver transitioned to manual mode and brought the Waymo AV to a stop. A passenger car behind the Waymo AV proceeded forward and made contact with the rear of the Waymo AV. At the time of the impact, the Waymo AVs Level 4 ADS was not engaged and a test driver was operating the Waymo AV in manual mode. The Waymo AV and the passenger vehicle sustained damage.
Waymo is reporting this crash under Request No. 2 of Standing General Order 2021-01. Waymo may supplement or correct its reporting with additional information as it may become available.", ,"Prior to June 16, 2025 (Amendment 2)",,,,,,,,,,,,,,,,,,,,,,,,Likely excluded by Waymo hub methodology (pre-June 2025)
30270-5650,2,Waymo LLC,10-Day Update,,,JUN-2023,SADHW2S17M1, ,,Jaguar,I-PACE, ,2021.0, ,365203c6f0f00aa,85743.0, ,In-Vehicle (Commercial / Test),5th Generation, , ,5th Generation, , ,Version 8, , ,Transdev Alternative Services, , ,,, ,Y,Yes (specify below),ADOT,Yes,ADS,Waymo LLC, , ,Y, , , , , ,,JUN-2023, ,JUN-2023,13:17, ,6362e91ed386c55,[MAY CONTAIN PERSONALLY IDENTIFIABLE INFORMATION], ,[MAY CONTAIN PERSONALLY IDENTIFIABLE INFORMATION], ,[MAY CONTAIN PERSONALLY IDENTIFIABLE INFORMATION], ,Phoenix, ,AZ ,[MAY CONTAIN PERSONALLY IDENTIFIABLE INFORMATION], ,Highway / Freeway,Dry,Work Zone,65.0, ,Daylight,Y, , , , , , , ,,Passenger Car,Moderate,Yes,Proceeding Straight,No,Unknown, , ,Y, , ,Y, , ,Y, , ,Proceeding Straight,No,Yes,Yes,13.0, ,Y, , ,Y, , ,Y, , , , , , ,Y, ,Y,Y, , ,No,, ,Yes,, ,, ,, ,Yes, ,"After submitting the previous 1-Day report on [XXX], 2023 [REDACTED, MAY CONTAIN CONFIDENTIAL BUSINESS INFORMATION], Waymo received notice that the test driver was not transported from the scene to the hospital for medical treatment, but did seek medical treatment at a hospital at a later time. As such, this event could have qualified for a 5-Day report. The narrative below has been updated to reflect this information. This updated report also now lists the Highest Injury Severity Alleged as moderate, and Transdev Alternative Services as an entity that may be aware of this incident.
On [XXX], 2023 at 1:17 PM PT a Waymo Autonomous Vehicle (Waymo AV) operating in Phoenix, AZ was in a collision involving a passenger car on [XXX] in the southbound direction near the [XXX].
The Waymo AV was traveling in the rightmost lane (out of 5 lanes) in the southbound direction of [XXX],  and the left 3 lanes were closed due to a work zone. The vehicle traveling ahead in the same lane as the ADV made an abrupt lane change to the left, revealing a stack of slow-moving vehicles in the Waymo AVs lane. The test driver of the Waymo AV took manual control of the vehicle and started to decelerate and steer toward the right shoulder in response to slow traffic ahead. A passenger vehicle approached the Waymo AV from behind and made contact with the rear of the Waymo AV. At the time of the impact, the Waymo AVs Level 4 ADS was not engaged and a test driver (in the drivers seating position) was operating the Waymo AV in manual mode. The Waymo AV and the other vehicle sustained damage. The test driver reported an injury, for which they later sought medical treatment. 
Waymo reported this crash under Request No. 1 of Standing General Order 2021-01. Waymo may supplement or correct its reporting with additional information as it may become available.", ,"Prior to June 16, 2025 (Amendment 2)",,,,,,,,,,,,,,,,,,,,,,,,Likely excluded by Waymo hub methodology (pre-June 2025)
30270-5757,1,Waymo LLC,Monthly,5.0,2023.0,JUN-2023,SADHW2S15M1, ,,Jaguar,I-Pace, ,2021.0, ,a96a4dfc1ceef90,61480.0, ,In-Vehicle (Commercial / Test),5th Generation ADS, , ,5th Generation, , ,Version 8, , ,Transdev Alternative Services, , ,,, ,Y,Yes (specify below),ADOT,Yes,ADS,Waymo LLC, , ,Y, , , , , ,,MAY-2023, ,MAY-2023,21:29, ,18b6569f303f7e1,[MAY CONTAIN PERSONALLY IDENTIFIABLE INFORMATION], ,[MAY CONTAIN PERSONALLY IDENTIFIABLE INFORMATION], ,[MAY CONTAIN PERSONALLY IDENTIFIABLE INFORMATION], ,Mesa, ,AZ ,[MAY CONTAIN PERSONALLY IDENTIFIABLE INFORMATION], ,Highway / Freeway,Dry,Traffic Incident,65.0, ,Dark - Lighted,Y, , , , , , , ,,"Other, see Narrative",No Injuries Reported,Yes,"Other, see Narrative",Not Applicable,Not Applicable, , , , , , , , , , ,Y,Proceeding Straight,No,No,Yes,63.0, , , ,Y, , , , , , , , , , ,Y, ,Y,Y, , ,No,, ,Yes,, ,, ,, ,Yes, ,"On [XXX], 2023 at 9:29 PM PT a Waymo Autonomous Vehicle (Waymo AV) operating in Mesa, Arizona was in a collision involving an object on the [XXX], East of [XXX].
The Waymo AV was traveling eastbound in the far right lane on a three-lane stretch of the [XXX] when a load of hay bales fell off a truck traveling in the center lane ahead of the Waymo AV. The front left fender of the Waymo AV made contact with a hay bale. At the time of the impact, the Waymo AVs Level 4 ADS was engaged in autonomous mode, and a test driver was present (in the drivers seating position). The Waymo AV sustained damage.
Waymo is reporting this crash under Request No. 2 of Standing General Order 2021-01. Waymo may supplement or correct its reporting with additional information as it may become available.", ,"Prior to June 16, 2025 (Amendment 2)",,,,,,,,,,,,,,,,,,,,,,,,Likely excluded by Waymo hub methodology (pre-June 2025)
30270-5759,1,Waymo LLC,Monthly,5.0,2023.0,JUN-2023,SADHW2S1XM1, ,,Jaguar,I-Pace, ,2021.0, ,2e422d7be58682f,69071.0, ,In-Vehicle (Commercial / Test),5th Generation ADS, , ,5th Generation, , ,Version 8, , ,Transdev Alternative Services, , ,,, ,Y,Yes (specify below),ADOT,Yes,ADS,Waymo LLC, , ,Y, , , , , ,,MAY-2023, ,MAY-2023,23:30, ,61aad41dac56bc1,[MAY CONTAIN PERSONALLY IDENTIFIABLE INFORMATION], ,[MAY CONTAIN PERSONALLY IDENTIFIABLE INFORMATION], ,[MAY CONTAIN PERSONALLY IDENTIFIABLE INFORMATION], ,Tempe, ,AZ ,[MAY CONTAIN PERSONALLY IDENTIFIABLE INFORMATION], ,Intersection,Dry,No Unusual Conditions,40.0, ,Dark - Lighted,Y, , , , , , , ,,Passenger Car,No Injuries Reported,Yes,Proceeding Straight,No,No, , , , , ,Y, , , , , ,Stopped,No,No,Yes,0.0, , , , ,Y, , , , , , , , , ,Y, ,Y,Y, , ,No,, ,Yes,, ,, ,, ,Yes, ,"On [XXX], 2023 at 11:30 PM PT a Waymo Autonomous Vehicle (Waymo AV) operating in Tempe, Arizona was in a collision involving a passenger vehicle on [XXX] at [XXX].
The Waymo AV was stopped at a red light at the intersection of [XXX] at [XXX]. A passenger vehicle that had been previously stopped behind the Waymo AV proceeded forward, making contact with the rear bumper of the Waymo AV. At the time of the impact, the Waymo AVs Level 4 ADS was engaged in autonomous mode, and a test driver was present (in the drivers seating position). The Waymo AV sustained damage.
Waymo is reporting this crash under Request No. 2 of Standing General Order 2021-01. Waymo may supplement or correct its reporting with additional information as it may become available.", ,"Prior to June 16, 2025 (Amendment 2)",,,,,,,,,,,,,,,,,,,,,,,,Likely excluded by Waymo hub methodology (pre-June 2025)
30270-5813,1,Waymo LLC,5-Day,,,JUL-2023,SADHW2S14M1, ,,Jaguar,I-Pace, ,2021.0, ,4e6dc7156efb5a6,87101.0, ,In-Vehicle (Commercial / Test),5th Generation, , ,5th Generation, , ,Version 8, , ,Transdev Alternative Services, , ,,, ,Y,Yes (specify below),ADOT,Yes,ADS,Waymo LLC, , ,Y, , , , , ,,JUN-2023, ,JUN-2023,20:58, ,7014e194a75b369,[MAY CONTAIN PERSONALLY IDENTIFIABLE INFORMATION], ,[MAY CONTAIN PERSONALLY IDENTIFIABLE INFORMATION], ,[MAY CONTAIN PERSONALLY IDENTIFIABLE INFORMATION], ,Phoenix, ,AZ ,[MAY CONTAIN PERSONALLY IDENTIFIABLE INFORMATION], ,Street,Dry,No Unusual Conditions,35.0, ,Dark - Lighted,Y, , , , , , , ,,"Other, see Narrative",No Injuries Reported,Yes,"Other, see Narrative",Not Applicable,Not Applicable, , , , , , , , , , ,Y,Changing Lanes,No,Yes,Yes,35.0, , , , , , , ,Y, , , , , , ,Y, ,Y,Y, , ,No,, ,Yes,, ,, ,, ,Yes, ,"On June [XXX], 2023 at 8:58 PM PT a Waymo Autonomous Vehicle (Waymo AV) operating in Phoenix, Arizona impacted road debris on [XXX] near [XXX].
The Waymo AV was traveling southbound on [XXX] in the middle lane and preparing to make a right lane change. As it initiated the lane change, the rear passenger side tire struck small debris in the road. At the time of the impact, the Waymo AVs Level 4 ADS was engaged in autonomous mode, and a test driver was present (in the drivers seating position). The Waymo AVs tire immediately deflated.
Waymo is reporting this event under Request No. 1 of Standing General Order 2021-01 because a vehicle involved was towed away. Waymo may supplement or correct its reporting with additional information as it may become available.", ,"Prior to June 16, 2025 (Amendment 2)",,,,,,,,,,,,,,,,,,,,,,,,Likely excluded by Waymo hub methodology (pre-June 2025)
30270-5962,1,Waymo LLC,Monthly,6.0,2023.0,JUL-2023,SADHW2S19M1, ,,Jaguar,I-Pace, ,2021.0, ,b7b40f70f5e3f4f,68928.0, ,In-Vehicle (Commercial / Test),5th Generation, , ,5th Generation, , ,Version 8, , ,Transdev Alternative Services, , ,,, ,Y,Yes (specify below),ADOT,Yes,ADS,Waymo LLC, , ,Y, , , , , ,,JUN-2023, ,JUN-2023,21:39, ,92adaa2cfbab458,[MAY CONTAIN PERSONALLY IDENTIFIABLE INFORMATION], ,[MAY CONTAIN PERSONALLY IDENTIFIABLE INFORMATION], ,[MAY CONTAIN PERSONALLY IDENTIFIABLE INFORMATION], ,Tempe, ,AZ ,[MAY CONTAIN PERSONALLY IDENTIFIABLE INFORMATION], ,Highway / Freeway,Dry,No Unusual Conditions,65.0, ,Dark - Not Lighted,Y, , , , , , , ,,"Other, see Narrative",No Injuries Reported,Yes,"Other, see Narrative",Not Applicable,Not Applicable, , , , , , , , , , ,Y,Proceeding Straight,No,No,Yes,56.0, , , , , , , , , ,Y, , , , ,Y, ,Y,Y, , ,No,, ,Yes,, ,, ,, ,Yes, ,"On June [XXX], 2023 at 9:39 PM PT a Waymo Autonomous Vehicle (Waymo AV) operating in Tempe, Arizona impacted road debris on [XXX] just past [XXX].
The Waymo AV was traveling eastbound on [XXX] in the far right lane when road debris appeared from under the passenger vehicle in front of the Waymo AV. The Waymo AV test driver transitioned to manual mode just before the Waymo AV made contact with the road debris. The Waymo AV sustained damage.
Waymo is reporting this crash under Request No. 2 of Standing General Order 2021-01. Waymo may supplement or correct its reporting with additional information as it may become available.", ,"Prior to June 16, 2025 (Amendment 2)",,,,,,,,,,,,,,,,,,,,,,,,Likely excluded by Waymo hub methodology (pre-June 2025)
30270-6853,1,Waymo LLC,Monthly,11.0,2023.0,DEC-2023,SADHW2S19M1, ,,Jaguar,I-Pace, ,2021.0, ,0d3e2d7733ecaee,53528.0, ,In-Vehicle (Commercial / Test),5th Generation, , ,5th Generation, , ,Version 8, , ,Transdev Alternative Services, , ,,, ,Y,No,,Yes,ADS,Waymo LLC, , ,Y, , , , , ,,NOV-2023, ,NOV-2023,04:06, ,8298ed805404448,[MAY CONTAIN PERSONALLY IDENTIFIABLE INFORMATION], ,[MAY CONTAIN PERSONALLY IDENTIFIABLE INFORMATION], ,[MAY CONTAIN PERSONALLY IDENTIFIABLE INFORMATION], ,Austin, ,TX ,[MAY CONTAIN PERSONALLY IDENTIFIABLE INFORMATION], ,Intersection,Dry,No Unusual Conditions,30.0, ,Dark - Lighted,Y, , , , , , , ,,Pickup Truck,No Injuries Reported,Yes,Proceeding Straight,No,No, , , , , , , , ,Y, , ,Stopped,No,No,Yes,0.0, ,Y, , , , , , , , , , , , ,Y, ,Y,Y, , ,No,, ,Yes,, ,, ,, ,Yes, ,"On November [XXX], 2023 at 4:06 AM PT a Waymo Autonomous Vehicle (Waymo AV) operating in Austin, Texas was in a collision involving a pickup truck on [XXX] at [XXX].
The Waymo AV was traveling southbound on [XXX] and stopped at a red light on [XXX], preparing to make a right turn onto southbound [XXX]. A pickup truck approached from behind and made contact with the rear of the Waymo AV. At the time of the impact, the Waymo AVs Level 4 ADS was engaged in autonomous mode, and a test driver was present (in the drivers seating position). Both vehicles sustained damage.
Waymo is reporting this crash under Request No. 2 of Standing General Order 2021-01. Waymo may supplement or correct its reporting with additional information as it may become available.", ,"Prior to June 16, 2025 (Amendment 2)",,,,,,,,,,,,,,,,,,,,,,,,Likely excluded by Waymo hub methodology (pre-June 2025)
30270-7010,1,Waymo LLC,Monthly,12.0,2023.0,JAN-2024,SADHW2S12M1, ,,Jaguar,I-Pace, ,2021.0, ,68397cbf53d7d3b,78758.0, ,In-Vehicle (Commercial / Test),5th Generation ADS, , ,5th Generation, , ,Version 8, , ,Transdev Alternative Services, , ,,, ,Y,Yes (specify below),ADOT						,Yes,ADS,Waymo LLC, , ,Y, , , , , ,,DEC-2023, ,DEC-2023,22:23, ,842ae816e7999c5,[MAY CONTAIN PERSONALLY IDENTIFIABLE INFORMATION], ,[MAY CONTAIN PERSONALLY IDENTIFIABLE INFORMATION], ,[MAY CONTAIN PERSONALLY IDENTIFIABLE INFORMATION], ,Tempe, ,AZ ,[MAY CONTAIN PERSONALLY IDENTIFIABLE INFORMATION], ,Intersection,Dry,No Unusual Conditions,45.0, ,Dark - Lighted,Y, , , , , , , ,,SUV,No Injuries Reported,Yes,Proceeding Straight,No,No, , , , , , , , ,Y, , ,Proceeding Straight,No,No,No Passengers in Vehicle,3.0, , , , ,Y, , , , , , , , , ,Y, ,Y,Y, , ,Yes,Tempe PD, ,Yes,,Y,,Y,,Y,Yes, ,"On December [XXX], 2023 at 10:23 PM PT a Waymo Autonomous Vehicle (Waymo AV) operating in Tempe, Arizona was in a collision involving an SUV on [XXX] at [XXX]. 
The Waymo AV was stopped behind a motorcycle at a red light heading southeast on [XXX] as it approached the intersection at [XXX]. While the traffic light was still red, the motorcycle moved forward, and the Waymo AV slowly nudged closer to the stop line. An SUV approached from behind and made contact with the rear of the Waymo AV. At the time of the impact, the Waymo AVs Level 4 ADS was engaged in autonomous mode, and a test driver was present (in the drivers seating position). Both vehicles sustained damage, and the SUV left the scene without exchanging information.  
Waymo is reporting this crash under Request No. 2 of Standing General Order 2021-01. Waymo may supplement or correct its reporting with additional information as it may become available.", ,"Prior to June 16, 2025 (Amendment 2)",,,,,,,,,,,,,,,,,,,,,,,,Likely excluded by Waymo hub methodology (pre-June 2025)
30270-7034,1,Waymo LLC,Monthly,1.0,2024.0,FEB-2024,SADHW2S13M1, ,,Jaguar,I-Pace, ,2021.0, ,b93816a5e99f9bb,90976.0, ,In-Vehicle (Commercial / Test),5th Generation, , ,5th Generation, , ,Version 8, , ,Transdev Alternative Services, , ,,, ,Y,Yes (specify below),ADOT,Yes,ADS,Waymo LLC, , ,Y, , , , , ,,JAN-2024, ,JAN-2024,3:07, ,69fffbcf0147ff7,[MAY CONTAIN PERSONALLY IDENTIFIABLE INFORMATION], ,[MAY CONTAIN PERSONALLY IDENTIFIABLE INFORMATION], ,[MAY CONTAIN PERSONALLY IDENTIFIABLE INFORMATION], ,Chandler, ,AZ ,[MAY CONTAIN PERSONALLY IDENTIFIABLE INFORMATION], ,Intersection,Dry,No Unusual Conditions,45.0, ,Dark - Lighted,Y, , , , , , , ,,SUV,No Injuries Reported,Yes,Proceeding Straight,No,No, , ,Y, , ,Y, , ,Y, , ,Stopped,No,No,No Passengers in Vehicle,0.0, ,Y, , ,Y, , ,Y, , , , , , ,Y, ,Y,Y, , ,No,, ,Yes,, ,, ,, ,Yes, ,"On January [XXX], 2024 at 2:07 AM PT a Waymo Autonomous Vehicle (Waymo AV) operating in Chandler, Arizona was in a collision involving an SUV on [XXX] at [XXX].
The Waymo AV was stopped for a red light on southbound [XXX] when an SUV approached from behind and made contact with the rear of the Waymo AV. At the time of the impact, the Waymo AVs Level 4 ADS was engaged in autonomous mode, and a test driver was present (in the drivers seating position). Both vehicles sustained damage.
Waymo is reporting this crash under Request No. 2 of Standing General Order 2021-01. Waymo may supplement or correct its reporting with additional information as it may become available.", ,"Prior to June 16, 2025 (Amendment 2)",,,,,,,,,,,,,,,,,,,,,,,,Likely excluded by Waymo hub methodology (pre-June 2025)
30270-7164,2,Waymo LLC,Update,,,FEB-2024,SADHW2S18R1, ,,Jaguar,I-Pace, ,2024.0, ,9a0d14f335c1aa1,1328.0, ,In-Vehicle (Commercial / Test),5th Generation ADS, , ,5th Generation ADS, , ,Version 8, , ,Transdev Alternative Services, , ,,, ,Y,No,,Yes,ADS,Waymo LLC, , ,Y, , , , , ,,FEB-2024, ,FEB-2024,17:01, ,9c0c60f2cb1f322,[MAY CONTAIN PERSONALLY IDENTIFIABLE INFORMATION], ,[MAY CONTAIN PERSONALLY IDENTIFIABLE INFORMATION], ,[MAY CONTAIN PERSONALLY IDENTIFIABLE INFORMATION], ,Austin, ,TX ,[MAY CONTAIN PERSONALLY IDENTIFIABLE INFORMATION], ,Intersection,Wet,No Unusual Conditions,40.0, ,Daylight, , ,Y, , , , , ,,Passenger Car,No Injuries Reported,Yes,Proceeding Straight,No,No, , , , , ,Y, , , , , ,Stopped,No,Yes,Yes,0.0, , , , ,Y, , , , , , , , , ,Y, ,Y,Y, , ,No,, ,Yes,, ,, ,, ,Yes, ,"This report is being submitted to correct a clerical error in the Driver / Operator Type field that was originally reported on February 15, 2024 [REDACTED, MAY CONTAIN CONFIDENTIAL BUSINESS INFORMATION]. Otherwise, the content of this report is unchanged.
On February [XXX], 2024 at 3:01 PM PT a Waymo Autonomous Vehicle (Waymo AV) operating in Austin, Texas was in a collision involving a passenger vehicle on a slip-lane between [XXX] and [XXX].
The Waymo AV was in the slip-lane connecting [XXX] and [XXX], preparing to merge onto northbound [XXX] with a passenger vehicle behind it. As the Waymo AV proceeded forward, actively yielding to approaching traffic, it stopped for additional approaching traffic. The passenger vehicle traveling behind the Waymo AV then made contact with the rear of the Waymo AV. At the time of the impact, the Waymo AVs Level 4 ADS was engaged in autonomous mode. Both vehicles sustained damage.
Waymo is reporting this crash under Request No. 1 of Standing General Order 2021-01 because a vehicle involved was towed away. Waymo may supplement or correct its reporting with additional information as it may become available.", ,"Prior to June 16, 2025 (Amendment 2)",,,,,,,,,,,,,,,,,,,,,,,,Likely excluded by Waymo hub methodology (pre-June 2025)