Report ID,Report Version,Reporting Entity,Report Type,Report Month,Report Year,Report Submission Date,VIN,VIN - Unknown,Serial Number,Make,Model,Model - Unknown,Model Year,Model Year - Unknown,Same Vehicle ID,Mileage,Mileage - Unknown,Driver / Operator Type,ADAS/ADS System Version,ADAS/ADS System Version - Unk,ADAS/ADS System Version CBI,ADAS/ADS Hardware Version,ADAS/ADS Hardware Version - Unk,ADAS/ADS Hardware Version CBI,ADAS/ADS Software Version,ADAS/ADS Software Version - Unk,ADAS/ADS Software Version CBI,Other Reporting Entities?,Other Reporting Entities? - Unk,Other Reporting Entities? - NA,Federal Regulatory Exemption?,Other Federal Reg. Exemption,Federal Reg. Exemption - Unk,Federal Reg. Exemption - No,State or Local Permit?,State or Local Permit,ADS Equipped?,Automation System Engaged?,Operating Entity,Operating Entity - Unknown,Source - Complaint/Claim,Source - Telematics,Source - Law Enforcement,Source - Field Report,Source - Testing,Source - Media,Source - Other,Source - Other Text,Incident Date,Incident Date - Unknown,Notice Received Date,Incident Time (24:00),Incident Time - Unknown,Same Incident ID,Latitude,Latitude - Unknown,Longitude,Longitude - Unknown,Address,Address - Unknown,City,City - Unknown,State,Zip Code,Zip Code - Unknown,Roadway Type,Roadway Surface,Roadway Description,Posted Speed Limit (MPH),Posted Speed Limit - Unknown,Lighting,Weather - Clear,Weather - Snow,Weather - Cloudy,Weather - Fog/Smoke/Haze,Weather - Rain,Weather - Severe Wind,Weather - Unknown,Weather - Other,Weather - Other Text,Crash With,Highest Injury Severity Alleged,Property Damage?,CP Pre-Crash Movement,CP Any Air Bags Deployed?,CP Was Vehicle Towed?,CP Contact Area - Rear Left,CP Contact Area - Left,CP Contact Area - Front Left,CP Contact Area - Rear,CP Contact Area - Top,CP Contact Area - Front,CP Contact Area - Rear Right,CP Contact Area - Right,CP Contact Area - Front Right,CP Contact Area - Bottom,CP Contact Area - Unknown,SV Pre-Crash Movement,Any Air Bags Deployed?,Was Any Vehicle Towed?,Were All Passengers Belted?,SV Precrash Speed (MPH),SV Pre-crash Speed - Unknown,SV Contact Area - Rear Left,SV Contact Area - Left,SV Contact Area - Front Left,SV Contact Area - Rear,SV Contact Area - Top,SV Contact Area - Front,SV Contact Area - Rear Right,SV Contact Area - Right,SV Contact Area - Front Right,SV Contact Area - Bottom,SV Contact Area - Unknown,Data Availability - EDR,Data Availability - Police Rpt,Data Availability - Telematics,Data Availability - Complaints,Data Availability - Video,Data Availability - Other,Data Availability - No Data,Data Availability - Unknown,Law Enforcement Investigating?,Investigating Agency,Investigating Agency - Unknown,Rep Ent Or Mfr Investigating?,Investigating Officer Name,Inv. Officer Name - Unknown,Investigating Officer Phone,Inv. Officer Phone - Unknown,Investigating Officer Email,Inv. Officer Email - Unknown,Within ODD?,Within ODD? - CBI,Narrative,Narrative - CBI?,Data Period,VIN Decoded,Make - Unknown,Automation Feature Version,Automation Feature Version CBI,Engagement Status,Source - Internal Process Review,Source - NHTSA VOQ,Source - Other - See Narrative,Source - Other Entity,Source - State or Other Agency,Roadway-Degraded Surface,Roadway-Missing/Degraded Marking,Roadway-No Unusual Conditions,Roadway-Other-See Narrative,Roadway-Traffic Incident,Roadway-Unknown,Roadway-Wet Surface Condition,Roadway-Work Zone,Weather - Partly Cloudy,Weather - Dust Storm,Weather - Severe Hurricane,Weather - Structure-Indoor,Weather - Unk - See Narrative,Reason Not In Hub
30270-13155,1,Waymo LLC,Monthly,11.0,2025.0,DEC-2025,SADHW2S15R1,,[MAY CONTAIN PERSONALLY IDENTIFIABLE INFORMATION],JAGUAR,I-PACE, ,2024.0, ,79d05e1e02f84e1,,,,,,,,,,,,,,,,,,,,,,,ADS,Waymo LLC, , ,Y, , , , ,,,NOV-2025, ,,21:57, ,26de6e7410cd8c2,[MAY CONTAIN PERSONALLY IDENTIFIABLE INFORMATION], ,[MAY CONTAIN PERSONALLY IDENTIFIABLE INFORMATION], ,[MAY CONTAIN PERSONALLY IDENTIFIABLE INFORMATION], ,San Francisco, ,CA,[MAY CONTAIN PERSONALLY IDENTIFIABLE INFORMATION], ,Street,,,,,, , , , ,Y, ,,,,Bus,Property Damage. No Injured Reported,,Making Right Turn,,, , , , , , , ,Y, , , ,Parked,"No Subject Vehicle, No Crash Partner","No Subject Vehicle, No Crash Partner",Subject Vehicle - No Passenger In Vehicle,0.0, , , , ,Y, , , , , , , , , ,Y, ,Y, , , ,,, ,,,,,,,,Yes, ,"On November 15, 2025 at 9:57 PM PT a Waymo Autonomous Vehicle (""Waymo AV"") operating in San Francisco, California was in a collision involving a bus on Mission Street near Steuart Street. 
The Waymo AV was parked in-lane facing southwest in the right lane on Mission Street with hazard lights activated for a passenger drop-off. While the Waymo AV was parked, a bus traveling southeastbound on Steuart Street made a right turn into the left lane on southwestbound Mission Street. While the bus was completing the right turn and passing the Waymo AV on the left, the right side of the bus made contact with the rear left side of the stationary Waymo AV. At the time of the impact, the Waymo AV's Level 4 ADS was engaged in autonomous mode. The Waymo AV sustained damage.

Waymo is reporting this crash under Request No. 2 of Standing General Order 2021-01. Waymo may supplement or correct its reporting with additional information as it may become available.", ,"After June 16, 2025 (Amendment 3)",Y, ,"5th Generation ADS, Version 10", ,Verified Engaged, , , , , , , ,Y, , , , , , , , , , ,Likely newer than hub update cycle (post-June 2025)
30270-13159,1,Waymo LLC,5-Day,,,NOV-2025,SADHW2S15R1,,[MAY CONTAIN PERSONALLY IDENTIFIABLE INFORMATION],JAGUAR,I-PACE, ,2024.0, ,51d56ca05c97adb,,,,,,,,,,,,,,,,,,,,,,,ADS,Waymo LLC, , ,Y, , , , ,,,NOV-2025, ,,07:25, ,3e398b2b7ba7092,[MAY CONTAIN PERSONALLY IDENTIFIABLE INFORMATION], ,[MAY CONTAIN PERSONALLY IDENTIFIABLE INFORMATION], ,[MAY CONTAIN PERSONALLY IDENTIFIABLE INFORMATION], ,San Francisco, ,CA,[MAY CONTAIN PERSONALLY IDENTIFIABLE INFORMATION], ,Street,,,,,,Y, , , , , ,,,,Heavy Truck,Property Damage. No Injured Reported,,Backing,,, , , , , , ,Y, , , , ,Stopped,"No Subject Vehicle, No Crash Partner","Yes Subject Vehicle, No Crash Partner",Subject Vehicle - All Belted,0.0, , , , , , , , , ,Y, , , , ,Y, ,Y, , , ,,, ,,,,,,,,Yes, ,"On November 18, 2025 at 7:25 AM PT a Waymo Autonomous Vehicle (""Waymo AV"") operating in San Francisco, California was in a collision involving a heavy truck on 4th Street near Jessie Street.
The Waymo AV was traveling southeastbound in the rightmost lane on 4th Street when it slowed to a stop for a heavy truck traveling ahead of the Waymo AV in the rightmost lane that was slowing with its hazard lights activated. While the Waymo AV was stopped, the heavy truck came to a stop and then reversed, and the rear of the heavy truck trailer made contact with the front of the stationary Waymo AV. At the time of the impact, the Waymo AV's Level 4 ADS was engaged in autonomous mode. The Waymo AV sustained damage.

Waymo is reporting this crash under Request No. 1 of Standing General Order 2021-01 because a vehicle involved was towed away. Waymo may supplement or correct its reporting with additional information as it may become available.", ,"After June 16, 2025 (Amendment 3)",Y, ,"5th Generation ADS, Version 10", ,Verified Engaged, , , , , , , ,Y, , , , , , , , , , ,Likely newer than hub update cycle (post-June 2025)
30270-13162,1,Waymo LLC,Monthly,11.0,2025.0,DEC-2025,SADHW2S15R1,,[MAY CONTAIN PERSONALLY IDENTIFIABLE INFORMATION],JAGUAR,I-PACE, ,2024.0, ,21e65646a3a5d17,,,,,,,,,,,,,,,,,,,,,,,ADS,Waymo LLC, , ,Y, , , , ,,,NOV-2025, ,,12:49, ,d624ad27f53c2c6,[MAY CONTAIN PERSONALLY IDENTIFIABLE INFORMATION], ,[MAY CONTAIN PERSONALLY IDENTIFIABLE INFORMATION], ,[MAY CONTAIN PERSONALLY IDENTIFIABLE INFORMATION], ,San Francisco, ,CA,[MAY CONTAIN PERSONALLY IDENTIFIABLE INFORMATION], ,Street,,,,,, , ,Y, , , ,,,,Heavy Truck,Property Damage. No Injured Reported,,Proceeding Straight,,, , , , , , , , ,Y, , ,Stopped,"No Subject Vehicle, No Crash Partner","No Subject Vehicle, No Crash Partner",Subject Vehicle - All Belted,0.0, , , , , , , ,Y, , , , , , ,Y, ,Y, , , ,,, ,,,,,,,,Yes, ,"On November 17, 2025 at 12:49 PM PT a Waymo Autonomous Vehicle (""Waymo AV"") operating in San Francisco, California was in a collision involving a heavy truck on Potrero Avenue near 18th Street. 
The Waymo AV was traveling northbound in the right lane on Potrero Avenue when it slowed to a stop in-lane for signage placed by the curb belonging to a local business that was displaying a stop sign icon. While the Waymo AV was stopped, a heavy truck traveling northbound in the right lane on Potrero Avenue approached the Waymo AV from behind and the front of the heavy truck made contact with the rear of the stationary Waymo AV. At the time of the impact, the Waymo AV's Level 4 ADS was engaged in autonomous mode. Both vehicles sustained damage.

Waymo is reporting this crash under Request No. 2 of Standing General Order 2021-01. Waymo may supplement or correct its reporting with additional information as it may become available.", ,"After June 16, 2025 (Amendment 3)",Y, ,"5th Generation ADS, Version 10", ,Verified Engaged, , , , , , , ,Y, , , , , , , , , , ,Likely newer than hub update cycle (post-June 2025)
30270-13167,1,Waymo LLC,5-Day,,,NOV-2025,SADHW2S12R1,,[MAY CONTAIN PERSONALLY IDENTIFIABLE INFORMATION],JAGUAR,I-PACE, ,2024.0, ,325813006f5b1c1,,,,,,,,,,,,,,,,,,,,,,,ADS,Waymo LLC, , ,Y, , , , ,,,NOV-2025, ,,16:52, ,bb1ec8d2c85745a,[MAY CONTAIN PERSONALLY IDENTIFIABLE INFORMATION], ,[MAY CONTAIN PERSONALLY IDENTIFIABLE INFORMATION], ,[MAY CONTAIN PERSONALLY IDENTIFIABLE INFORMATION], ,Los Angeles, ,CA,[MAY CONTAIN PERSONALLY IDENTIFIABLE INFORMATION], ,Street,,,,,, , ,Y, ,Y, ,,,,Passenger Car,Unknown,,Proceeding Straight,,, , , , , , , , ,Y, , ,Proceeding Straight,"No Subject Vehicle, No Crash Partner","No Subject Vehicle, No Crash Partner",Subject Vehicle - Not Belted - see Narrative,2.0, , , , , , , ,Y, , , , , , ,Y, ,Y, , , ,,Los Angeles Police Department, ,,,,,,,,Yes, ,"On November 20, 2025 at 4:52 PM PT a Waymo Autonomous Vehicle (""Waymo AV"") operating in Los Angeles, California was in a collision involving a passenger car on Matteson Avenue at Wade Street.
The Waymo AV was traveling northeastbound on Matteson Avenue, with its right turn signal activated, when it slowed to a stop for a stop sign at the intersection with Wade Street. The Waymo AV proceeded forward slowly as it was yielding to vehicles traveling southeastbound on Wade Street and preparing to turn right onto Wade Street. While the Waymo was proceeding forward, a passenger car traveling northeastbound on Matteson Avenue approached the Waymo AV from behind and the front of the passenger car made contact with the rear of the Waymo AV. At the time of the impact, the Waymo AV's Level 4 ADS was engaged in autonomous mode. Both vehicles sustained damage. The passenger in the Waymo AV was not belted at the time of the collision. The passenger in the Waymo AV was transported to a hospital by an ambulance with unknown injuries.

Waymo is reporting this crash under Request No. 1 of Standing General Order 2021-01 because an individual involved was transported from the scene to a hospital for medical treatment. Waymo may supplement or correct its reporting with additional information as it may become available.", ,"After June 16, 2025 (Amendment 3)",Y, ,"5th Generation ADS, Version 10", ,Verified Engaged, , , , , , , ,Y, , , , , , , , , , ,Likely newer than hub update cycle (post-June 2025)
30270-13189,1,Waymo LLC,Monthly,11.0,2025.0,DEC-2025,SADHW2S14R1,,[MAY CONTAIN PERSONALLY IDENTIFIABLE INFORMATION],JAGUAR,I-PACE, ,2024.0, ,f465dbb2ddb5bab,,,,,,,,,,,,,,,,,,,,,,,ADS,Waymo LLC, , ,Y, , , , ,,,NOV-2025, ,,23:37, ,600e5d97e4280fc,[MAY CONTAIN PERSONALLY IDENTIFIABLE INFORMATION], ,[MAY CONTAIN PERSONALLY IDENTIFIABLE INFORMATION], ,[MAY CONTAIN PERSONALLY IDENTIFIABLE INFORMATION], ,San Francisco, ,CA,[MAY CONTAIN PERSONALLY IDENTIFIABLE INFORMATION], ,Intersection,,,,,,Y, , , , , ,,,,SUV,Property Damage. No Injured Reported,,Proceeding Straight,,, , , , , , , , ,Y, , ,Stopped,"No Subject Vehicle, No Crash Partner","Yes Subject Vehicle, No Crash Partner",Subject Vehicle - All Belted,0.0, , , , , , , ,Y, , , , , , ,Y, ,Y, , , ,,, ,,,,,,,,Yes, ,"On November 19, 2025 at 11:37 PM PT a Waymo Autonomous Vehicle (""Waymo AV"") operating in San Francisco, California was in a collision involving an SUV on Castro Street at 16th Street.
The Waymo AV was traveling southbound on Castro Street when it slowed to a stop for a stop sign at the intersection with 16th Street. While the Waymo AV was stopped, an SUV traveling southbound on Castro Street approached the Waymo AV from behind, and the front of the SUV made contact with the rear of the stationary Waymo AV. At the time of the impact, the Waymo AV's Level 4 ADS was engaged in autonomous mode. Both vehicles sustained damage.

Waymo is reporting this crash under Request No. 1 of Standing General Order 2021-01 because a vehicle involved was towed away. Waymo may supplement or correct its reporting with additional information as it may become available.", ,"After June 16, 2025 (Amendment 3)",Y, ,"5th Generation ADS, Version 10", ,Verified Engaged, , , , , , , ,Y, , , , , , , , , , ,Likely newer than hub update cycle (post-June 2025)
30270-13193,1,Waymo LLC,5-Day,,,NOV-2025,SADHW2S1XR1,,[MAY CONTAIN PERSONALLY IDENTIFIABLE INFORMATION],JAGUAR,I-PACE, ,2024.0, ,8bca46fb742822f,,,,,,,,,,,,,,,,,,,,,,,ADS,Waymo LLC, , ,Y, , , , ,,,NOV-2025, ,,22:21, ,3eca389fa864457,[MAY CONTAIN PERSONALLY IDENTIFIABLE INFORMATION], ,[MAY CONTAIN PERSONALLY IDENTIFIABLE INFORMATION], ,[MAY CONTAIN PERSONALLY IDENTIFIABLE INFORMATION], ,Culver City, ,CA,[MAY CONTAIN PERSONALLY IDENTIFIABLE INFORMATION], ,Street,,,,,,Y, , , , , ,,,,"Other, see Narrative",Property Damage. No Injured Reported,,"Other, see Narrative",,, , , , , , , , , , ,Y,Proceeding Straight,"No Subject Vehicle, No Crash Partner","Yes Subject Vehicle, No Crash Partner",Subject Vehicle - All Belted,39.0, , , , , , , , , , ,Y, , , ,Y, ,Y, , , ,,Culver City Police, ,,,,,,,,Yes, ,"On November 22, 2025 at 10:21 PM PT a Waymo Autonomous Vehicle (""Waymo AV"") operating in Culver City, California was in a collision involving a fallen street sign on Culver Boulevard near Coombs Avenue. 
The Waymo AV was traveling southwestbound in the second to the right lane on Culver Boulevard when the Waymo AV's undercarriage made contact with a fallen street sign in the Waymo AV's lane of travel. At the time of the impact, the Waymo AV's Level 4 ADS was engaged in autonomous mode. The Waymo AV sustained damage. 

Waymo is reporting this crash under Request No. 1 of Standing General Order 2021-01 because a vehicle involved was towed away. Waymo may supplement or correct its reporting with additional information as it may become available.", ,"After June 16, 2025 (Amendment 3)",Y, ,"5th Generation ADS, Version 10", ,Verified Engaged, , , , , , , ,Y, , , , , , , , , , ,Likely newer than hub update cycle (post-June 2025)
30270-13195,1,Waymo LLC,Monthly,11.0,2025.0,DEC-2025,SADHW2S15R1,,[MAY CONTAIN PERSONALLY IDENTIFIABLE INFORMATION],JAGUAR,I-PACE, ,2024.0, ,fca02512b868cef,,,,,,,,,,,,,,,,,,,,,,,ADS,Waymo LLC, , ,Y, , , , ,,,NOV-2025, ,,22:15, ,5e05dd39035930e,[MAY CONTAIN PERSONALLY IDENTIFIABLE INFORMATION], ,[MAY CONTAIN PERSONALLY IDENTIFIABLE INFORMATION], ,[MAY CONTAIN PERSONALLY IDENTIFIABLE INFORMATION], ,Los Angeles, ,CA,[MAY CONTAIN PERSONALLY IDENTIFIABLE INFORMATION], ,Intersection,,,,,,Y, , , , , ,,,,SUV,Minor W/O Hospitalization,,Stopped,,, , , , , , , , ,Y, , ,Stopped,"No Subject Vehicle, No Crash Partner","No Subject Vehicle, No Crash Partner",Subject Vehicle - All Belted,0.0, , , , , , , ,Y, , , , , , ,Y, ,Y, , , ,,, ,,,,,,,,Yes, ,"On November 19, 2025 at 10:15 PM PT a Waymo Autonomous Vehicle (""Waymo AV"") operating in Los Angeles, California was in a collision involving an SUV on Highland Avenue at Melrose Avenue.
The Waymo AV was stopped facing north in the left turn lane on Highland Avenue in a queue of traffic for a red light at the intersection with Melrose Avenue. After the light turned green and traffic ahead advanced, the Waymo AV proceeded forward before coming to a stop partially in the marked crosswalk with hazard lights activated. An SUV that was initially stopped directly behind the Waymo AV proceeded forward and came to a stop directly behind the stationary Waymo AV. While the Waymo AV and the SUV were stopped, a pickup truck that was initially stopped directly behind the SUV approached the stopped SUV from behind and the front of the pickup truck made contact with the rear of the stationary SUV. The front of the SUV then made contact with the rear of the stationary Waymo AV. At the time of the impact, the Waymo AV's Level 4 ADS was engaged in autonomous mode. All three vehicles sustained damage. The passenger in the Waymo AV alleged minor injury.

Waymo is reporting this crash under Request No. 2 of Standing General Order 2021-01. Waymo may supplement or correct its reporting with additional information as it may become available.", ,"After June 16, 2025 (Amendment 3)",Y, ,"5th Generation ADS, Version 10", ,Verified Engaged, , , , , , , ,Y, , , , , , , , , , ,Likely newer than hub update cycle (post-June 2025)
30270-13196,1,Waymo LLC,Monthly,11.0,2025.0,DEC-2025,SADHW2S12R1,,[MAY CONTAIN PERSONALLY IDENTIFIABLE INFORMATION],JAGUAR,I-PACE, ,2024.0, ,d25da391509bc81,,,,,,,,,,,,,,,,,,,,,,,ADS,Waymo LLC, , ,Y, , , , ,,,NOV-2025, ,,20:38, ,ea640166d0e943a,[MAY CONTAIN PERSONALLY IDENTIFIABLE INFORMATION], ,[MAY CONTAIN PERSONALLY IDENTIFIABLE INFORMATION], ,[MAY CONTAIN PERSONALLY IDENTIFIABLE INFORMATION], ,San Francisco, ,CA,[MAY CONTAIN PERSONALLY IDENTIFIABLE INFORMATION], ,Street,,,,,,Y, , , , , ,,,,Passenger Car,Property Damage. No Injured Reported,,Changing Lanes,,, , , , , ,Y, , , , , ,Proceeding Straight,"No Subject Vehicle, No Crash Partner","No Subject Vehicle, No Crash Partner",Subject Vehicle - All Belted,20.0, ,Y, , , , , , , , , , , , ,Y, ,Y, , , ,,, ,,,,,,,,Yes, ,"On November 19, 2025 at 8:38 PM PT a Waymo Autonomous Vehicle (""Waymo AV"") operating in San Francisco, California was in a collision involving a passenger car on Broadway near Kearny Street.
The Waymo AV was traveling eastbound in the second from the right lane on Broadway. A passenger car traveling eastbound in the rightmost lane on Broadway approached a van that was stopped partially in the rightmost lane and partially in the entrance to a parking lot at 470 Broadway. As the passenger car approached the van, the front right of the passenger car made contact with the rear left of the van. The passenger car then maneuvered to the left, and the front left side of the passenger car made contact with the rear right side of the Waymo AV. At the time of the impact, the Waymo AV's Level 4 ADS was engaged in autonomous mode. Both vehicles sustained damage.

Waymo is reporting this crash under Request No. 2 of Standing General Order 2021-01. Waymo may supplement or correct its reporting with additional information as it may become available.", ,"After June 16, 2025 (Amendment 3)",Y, ,"5th Generation ADS, Version 10", ,Verified Engaged, , , , , , , ,Y, , , , , , , , , , ,Likely newer than hub update cycle (post-June 2025)
30270-13197,1,Waymo LLC,5-Day,,,NOV-2025,SADHW2S13R1,,[MAY CONTAIN PERSONALLY IDENTIFIABLE INFORMATION],JAGUAR,I-PACE, ,2024.0, ,ffa7f9ea6625ecf,,,,,,,,,,,,,,,,,,,,,,,ADS,Waymo LLC, , ,Y, , , , ,,,NOV-2025, ,,00:14, ,fd92b0f3985c4b4,[MAY CONTAIN PERSONALLY IDENTIFIABLE INFORMATION], ,[MAY CONTAIN PERSONALLY IDENTIFIABLE INFORMATION], ,[MAY CONTAIN PERSONALLY IDENTIFIABLE INFORMATION], ,Los Angeles, ,CA,[MAY CONTAIN PERSONALLY IDENTIFIABLE INFORMATION], ,Street,,,,,,Y, , , , , ,,,,Passenger Car,Property Damage. No Injured Reported,,Proceeding Straight,,, , , , , , , , ,Y, , ,Stopped,"No Subject Vehicle, No Crash Partner","Yes Subject Vehicle, No Crash Partner",Subject Vehicle - All Belted,0.0, , , , , , , ,Y, , , , , , ,Y, ,Y, , , ,,, ,,,,,,,,Yes, ,"On November 23, 2025 at 12:14 AM PT a Waymo Autonomous Vehicle (""Waymo AV"") operating in Los Angeles, California was in a collision involving a passenger car on Sunset Boulevard at N. Coronado Street. 
The Waymo AV was traveling northwestbound in the third to the right lane on Sunset Boulevard when it came to a stop in a queue of traffic for a red light at the intersection with N. Coronado Street. While the Waymo AV was stopped, a passenger car traveling northwestbound in the third to the right lane on Sunset Boulevard approached the Waymo AV from behind and the front of the passenger car made contact with the rear of the stationary Waymo AV. At the time of the impact, the Waymo AV's Level 4 ADS was engaged in autonomous mode. Both vehicles sustained damage.

Waymo is reporting this crash under Request No. 1 of Standing General Order 2021-01 because a vehicle involved was towed away. Waymo may supplement or correct its reporting with additional information as it may become available.", ,"After June 16, 2025 (Amendment 3)",Y, ,"5th Generation ADS, Version 10", ,Verified Engaged, , , , , , , ,Y, , , , , , , , , , ,Likely newer than hub update cycle (post-June 2025)
30270-13198,1,Waymo LLC,5-Day,,,NOV-2025,SADHW2S1XM1,,[MAY CONTAIN PERSONALLY IDENTIFIABLE INFORMATION],JAGUAR,I-PACE, ,2021.0, ,3f5f631b7210b62,,,,,,,,,,,,,,,,,,,,,,,ADS,Waymo LLC, , ,Y, , , , ,,,NOV-2025, ,,10:09, ,2908275d904dec6,[MAY CONTAIN PERSONALLY IDENTIFIABLE INFORMATION], ,[MAY CONTAIN PERSONALLY IDENTIFIABLE INFORMATION], ,[MAY CONTAIN PERSONALLY IDENTIFIABLE INFORMATION], ,San Francisco, ,CA,[MAY CONTAIN PERSONALLY IDENTIFIABLE INFORMATION], ,Intersection,,,,,,Y, , , , , ,,,,Passenger Car,Unknown,,Proceeding Straight,,, , , , , , , , ,Y, , ,Stopped,"No Subject Vehicle, No Crash Partner","Yes Crash Partner, No Subject Vehicle",Subject Vehicle - No Passenger In Vehicle,0.0, , , , , , , ,Y, , , , , , ,Y, ,Y, , , ,,San Francisco Police Department, ,,,,,,,,Yes, ,"On November 21, 2025 at 10:09 AM PT a Waymo Autonomous Vehicle (""Waymo AV"") operating in San Francisco, California was in a collision involving a passenger car on Silver Avenue at San Bruno Avenue.
The Waymo AV was stopped in the right lane on Silver Avenue, southwestbound for a red light at the intersection with San Bruno Avenue. While the Waymo AV remained stopped, a passenger car that was initially stopped directly behind the Waymo AV proceeded forward, and the front of the passenger car made contact with the rear of the Waymo AV. At the time of the impact, the Waymo AV's Level 4 ADS was engaged in autonomous mode. Neither vehicle sustained damage. The driver of the passenger car was transported from the scene to a hospital with unknown injuries.

Waymo is reporting this crash under Request No. 1 of Standing General Order 2021-01 because an individual involved was transported from the scene to a hospital for medical treatment. Waymo may supplement or correct its reporting with additional information as it may become available.", ,"After June 16, 2025 (Amendment 3)",Y, ,"5th Generation ADS, Version 10", ,Verified Engaged, , , , , , , ,Y, , , , , , , , , , ,Likely newer than hub update cycle (post-June 2025)
30270-13199,1,Waymo LLC,Monthly,11.0,2025.0,DEC-2025,SADHW2S10R1,,[MAY CONTAIN PERSONALLY IDENTIFIABLE INFORMATION],JAGUAR,I-PACE, ,2024.0, ,a1622129a5a9075,,,,,,,,,,,,,,,,,,,,,,,ADS,Waymo LLC, , ,Y, , , , ,,,NOV-2025, ,,02:48, ,cf7fad3cdabde9d,[MAY CONTAIN PERSONALLY IDENTIFIABLE INFORMATION], ,[MAY CONTAIN PERSONALLY IDENTIFIABLE INFORMATION], ,[MAY CONTAIN PERSONALLY IDENTIFIABLE INFORMATION], ,West Hollywood, ,CA,[MAY CONTAIN PERSONALLY IDENTIFIABLE INFORMATION], ,Intersection,,,,,, , , , ,Y, ,,,,Pickup Truck,Property Damage. No Injured Reported,,Proceeding Straight,,, , ,Y, , , , , , , , ,Stopped,"No Subject Vehicle, No Crash Partner","No Subject Vehicle, No Crash Partner",Subject Vehicle - No Passenger In Vehicle,0.0, , , , ,Y, , , , , , , , , ,Y, ,Y, , , ,,, ,,,,,,,,Yes, ,"On November 15, 2025 at 2:48 AM PT a Waymo Autonomous Vehicle (""Waymo AV"") operating in West Hollywood, California was in a collision involving a pickup truck on N. San Vicente Boulevard at Santa Monica Boulevard. 
The Waymo AV was stopped facing south with its right turn signal activated, partially in the right turn lane and partially in the second from the right lane, on N. San Vicente Boulevard for a red light at the intersection with Santa Monica Boulevard. While the Waymo AV was stopped, a pickup truck that was initially stopped in the second from the right lane directly behind the Waymo AV proceeded forward and the front right side of the pickup truck made contact with the rear left side of the stationary Waymo AV. At the time of the impact, the Waymo AV's Level 4 ADS was engaged in autonomous mode. Both vehicles sustained damage.

Waymo is reporting this crash under Request No. 2 of Standing General Order 2021-01. Waymo may supplement or correct its reporting with additional information as it may become available.", ,"After June 16, 2025 (Amendment 3)",Y, ,"5th Generation ADS, Version 10", ,Verified Engaged, , , , , , , ,Y, , , , , , , , , , ,Likely newer than hub update cycle (post-June 2025)
30270-13201,1,Waymo LLC,Monthly,11.0,2025.0,DEC-2025,SADHW2S16R1,,[MAY CONTAIN PERSONALLY IDENTIFIABLE INFORMATION],JAGUAR,I-PACE, ,2024.0, ,273136d68399ed3,,,,,,,,,,,,,,,,,,,,,,,ADS,Waymo LLC, , ,Y, , , , ,,,NOV-2025, ,,06:08, ,f6c34d57b306684,[MAY CONTAIN PERSONALLY IDENTIFIABLE INFORMATION], ,[MAY CONTAIN PERSONALLY IDENTIFIABLE INFORMATION], ,[MAY CONTAIN PERSONALLY IDENTIFIABLE INFORMATION], ,San Francisco, ,CA,[MAY CONTAIN PERSONALLY IDENTIFIABLE INFORMATION], ,Street,,,,,,Y, , , , , ,,,,First Responder Vehicle,Property Damage. No Injured Reported,,Backing,,, , , , , , ,Y, , , , ,Stopped,"No Subject Vehicle, No Crash Partner","No Subject Vehicle, No Crash Partner",Subject Vehicle - No Passenger In Vehicle,0.0, , , , , , , , , ,Y, , , , ,Y, ,Y, , , ,,San Francisco Police Department, ,,,,,,,,Yes, ,"On November 11, 2025 at 6:08 AM PT a Waymo Autonomous Vehicle (""Waymo AV"") operating in San Francisco, California was in a collision involving a first responder vehicle on Laguna Street near Turk Street. 
The Waymo AV was traveling southbound on Laguna Street and came to a stop to yield to a police SUV that was traveling southbound on Laguna Street and had stopped in-lane. While the Waymo AV was stopped, the police SUV reversed and the rear of the police SUV made contact with the front of the stationary Waymo AV. At the time of the impact, the Waymo AV's Level 4 ADS was engaged in autonomous mode. The Waymo AV sustained damage.

Waymo is reporting this crash under Request No. 2 of Standing General Order 2021-01. Waymo may supplement or correct its reporting with additional information as it may become available.", ,"After June 16, 2025 (Amendment 3)",Y, ,"5th Generation ADS, Version 10", ,Verified Engaged, , , , , , , ,Y, , , , , , , , , , ,Likely newer than hub update cycle (post-June 2025)