Report ID,Report Version,Reporting Entity,Report Type,Report Month,Report Year,Report Submission Date,VIN,VIN - Unknown,Serial Number,Make,Model,Model - Unknown,Model Year,Model Year - Unknown,Same Vehicle ID,Mileage,Mileage - Unknown,Driver / Operator Type,ADAS/ADS System Version,ADAS/ADS System Version - Unk,ADAS/ADS System Version CBI,ADAS/ADS Hardware Version,ADAS/ADS Hardware Version - Unk,ADAS/ADS Hardware Version CBI,ADAS/ADS Software Version,ADAS/ADS Software Version - Unk,ADAS/ADS Software Version CBI,Other Reporting Entities?,Other Reporting Entities? - Unk,Other Reporting Entities? - NA,Federal Regulatory Exemption?,Other Federal Reg. Exemption,Federal Reg. Exemption - Unk,Federal Reg. Exemption - No,State or Local Permit?,State or Local Permit,ADS Equipped?,Automation System Engaged?,Operating Entity,Operating Entity - Unknown,Source - Complaint/Claim,Source - Telematics,Source - Law Enforcement,Source - Field Report,Source - Testing,Source - Media,Source - Other,Source - Other Text,Incident Date,Incident Date - Unknown,Notice Received Date,Incident Time (24:00),Incident Time - Unknown,Same Incident ID,Latitude,Latitude - Unknown,Longitude,Longitude - Unknown,Address,Address - Unknown,City,City - Unknown,State,Zip Code,Zip Code - Unknown,Roadway Type,Roadway Surface,Roadway Description,Posted Speed Limit (MPH),Posted Speed Limit - Unknown,Lighting,Weather - Clear,Weather - Snow,Weather - Cloudy,Weather - Fog/Smoke/Haze,Weather - Rain,Weather - Severe Wind,Weather - Unknown,Weather - Other,Weather - Other Text,Crash With,Highest Injury Severity Alleged,Property Damage?,CP Pre-Crash Movement,CP Any Air Bags Deployed?,CP Was Vehicle Towed?,CP Contact Area - Rear Left,CP Contact Area - Left,CP Contact Area - Front Left,CP Contact Area - Rear,CP Contact Area - Top,CP Contact Area - Front,CP Contact Area - Rear Right,CP Contact Area - Right,CP Contact Area - Front Right,CP Contact Area - Bottom,CP Contact Area - Unknown,SV Pre-Crash Movement,Any Air Bags Deployed?,Was Any Vehicle Towed?,Were All Passengers Belted?,SV Precrash Speed (MPH),SV Pre-crash Speed - Unknown,SV Contact Area - Rear Left,SV Contact Area - Left,SV Contact Area - Front Left,SV Contact Area - Rear,SV Contact Area - Top,SV Contact Area - Front,SV Contact Area - Rear Right,SV Contact Area - Right,SV Contact Area - Front Right,SV Contact Area - Bottom,SV Contact Area - Unknown,Data Availability - EDR,Data Availability - Police Rpt,Data Availability - Telematics,Data Availability - Complaints,Data Availability - Video,Data Availability - Other,Data Availability - No Data,Data Availability - Unknown,Law Enforcement Investigating?,Investigating Agency,Investigating Agency - Unknown,Rep Ent Or Mfr Investigating?,Investigating Officer Name,Inv. Officer Name - Unknown,Investigating Officer Phone,Inv. Officer Phone - Unknown,Investigating Officer Email,Inv. Officer Email - Unknown,Within ODD?,Within ODD? - CBI,Narrative,Narrative - CBI?,Data Period,VIN Decoded,Make - Unknown,Automation Feature Version,Automation Feature Version CBI,Engagement Status,Source - Internal Process Review,Source - NHTSA VOQ,Source - Other - See Narrative,Source - Other Entity,Source - State or Other Agency,Roadway-Degraded Surface,Roadway-Missing/Degraded Marking,Roadway-No Unusual Conditions,Roadway-Other-See Narrative,Roadway-Traffic Incident,Roadway-Unknown,Roadway-Wet Surface Condition,Roadway-Work Zone,Weather - Partly Cloudy,Weather - Dust Storm,Weather - Severe Hurricane,Weather - Structure-Indoor,Weather - Unk - See Narrative,Reason Not In Hub
30270-2323,1,Waymo LLC,Monthly,1.0,2022.0,FEB-2022,SADHW2S13M1, ,,Jaguar,I-Pace, ,2021.0, ,ee70d1945e4b3b0,1078.0, ,In-Vehicle (Commercial / Test),5th Generation ADS, , ,, , ,, , ,, , ,,, , ,,,Yes,ADS,Waymo LLC, , ,Y, , , , , ,,JAN-2022, ,JAN-2022,02:04, ,c1366ff879b2e05,[MAY CONTAIN PERSONALLY IDENTIFIABLE INFORMATION], ,[MAY CONTAIN PERSONALLY IDENTIFIABLE INFORMATION], ,[MAY CONTAIN PERSONALLY IDENTIFIABLE INFORMATION], ,San Francisco, ,CA ,[MAY CONTAIN PERSONALLY IDENTIFIABLE INFORMATION], ,Intersection,Dry,No Unusual Conditions,25.0, ,Dark - Lighted,Y, , , , , , , ,,SUV,No Injuries Reported,Yes,Crossing into Opposing Lane,Unknown,No, , , , , , , , , , ,Y,Proceeding Straight,No,No,Yes,1.0, , ,Y, , , , , , , , , , , ,Y, ,Y,Y, , ,Yes,San Francisco Police Dept., ,Yes,,Y,,Y,,Y,Yes, ,"On January [XXX], 2022 at 2:04 AM PST a Waymo Autonomous Vehicle (""Waymo AV"") operating in San Francisco, California was in a collision involving a passenger vehicle at [XXX] and [XXX].
While the Waymo AV was proceeding straight in autonomous mode on eastbound [XXX], a passenger vehicle turned right onto westbound [XXX] from [XXX], crossing the center lane line and traveling in the oncoming traffic lane. The driver of the Waymo AV transitioned the system into manual mode and slowed, and moved to the right most edge of the lane. The oncoming passenger vehicle struck the left side of the Waymo AV and immediately proceeded to leave the scene of the collision. At the time of the impact, the Waymo AV's Level 4 ADS was not engaged and a test driver (in the driver's seating position) was operating the Waymo AV in manual mode. The Waymo AV sustained moderate damage.
Waymo is reporting this crash under Request No. 2 of Standing General Order 2021-01. Waymo may supplement or correct its reporting with additional information as it may become available. This report was submitted from the Pacific time zone on the required date.", ,"Prior to June 16, 2025 (Amendment 2)",,,,,,,,,,,,,,,,,,,,,,,,Likely excluded by Waymo hub methodology (pre-June 2025)
30270-2327,1,Waymo LLC,Monthly,1.0,2022.0,FEB-2022,SADHW2S18M1, ,,Jaguar,I-Pace, ,2021.0, ,3fa13431ff0349d,19509.0, ,In-Vehicle (Commercial / Test),5th Generation ADS, , ,, , ,, , ,, , ,,, , ,,,Yes,ADS,Waymo LLC, , ,Y, , , , , ,,JAN-2022, ,JAN-2022,09:00, ,c961e0fa66063ae,[MAY CONTAIN PERSONALLY IDENTIFIABLE INFORMATION], ,[MAY CONTAIN PERSONALLY IDENTIFIABLE INFORMATION], ,[MAY CONTAIN PERSONALLY IDENTIFIABLE INFORMATION], ,San Francisco, ,CA ,[MAY CONTAIN PERSONALLY IDENTIFIABLE INFORMATION], ,Intersection,Dry,No Unusual Conditions,35.0, ,Daylight,Y, , , , , , , ,,Heavy Truck,No Injuries Reported,Yes,Proceeding Straight,No,No, , ,Y, , ,Y, , , , , ,Stopped,No,No,Yes,0.0, , , , , , , ,Y, , , , , , ,Y, ,Y,Y, , ,No,, ,Yes,, ,, ,, ,Yes, ,"On January [XXX], 2022 at 9:00 AM PST a Waymo Autonomous Vehicle ('Waymo AV') operating in San Francisco, California was in a collision involving a box truck at the northbound merge lane on the 100 block of [XXX]. 
While attempting a merge onto northbound [XXX] from southbound [XXX], the Waymo AV came to a stop to yield for approaching traffic on the right. The box truck then made contact with the rear of the Waymo AV. At the time of the impact, the Waymo AV's Level 4 ADS was engaged in autonomous mode, and a test driver was present (in the driver's seating position). The Waymo AV and the box truck both sustained minor damage.
Waymo is reporting this crash under Request No. 2 of Standing General Order 2021-01. Waymo may supplement or correct its reporting with additional information as it may become available. This report was submitted from the Pacific time zone on the required date.", ,"Prior to June 16, 2025 (Amendment 2)",,,,,,,,,,,,,,,,,,,,,,,,Likely excluded by Waymo hub methodology (pre-June 2025)
30270-2328,1,Waymo LLC,Monthly,1.0,2022.0,FEB-2022,SADHW2S19M1, ,,Jaguar,I-Pace, ,2021.0, ,82ca7b5717c14e4,19453.0, ,In-Vehicle (Commercial / Test),5th Generation ADS, , ,, , ,, , ,, , ,,, , ,,,Yes,ADS,Waymo LLC, , ,Y, , , , , ,,JAN-2022, ,JAN-2022,14:24, ,2bbc30ea7de3b1b,[MAY CONTAIN PERSONALLY IDENTIFIABLE INFORMATION], ,[MAY CONTAIN PERSONALLY IDENTIFIABLE INFORMATION], ,[MAY CONTAIN PERSONALLY IDENTIFIABLE INFORMATION], ,San Francisco, ,CA ,[MAY CONTAIN PERSONALLY IDENTIFIABLE INFORMATION], ,Intersection,Dry,No Unusual Conditions,25.0, ,Daylight,Y, , , , , , , ,,SUV,No Injuries Reported,Yes,Proceeding Straight,No,No, , ,Y, , , , , , , , ,Stopped,No,No,Yes,0.0, , , , , , , ,Y, , , , , , ,Y, ,Y,Y, , ,No,, ,Yes,, ,, ,, ,Yes, ,"On January [XXX], 2022 at 2:24 PM PST a Waymo Autonomous Vehicle ('Waymo AV') operating in San Francisco, California was in a collision involving an SUV on [XXX] at [XXX]. 
The Waymo AV was stopped at a red light facing north on [XXX] in autonomous mode at the [XXX] intersection. The light turned green and the Waymo AV proceeded partially into the intersection, yielding to pedestrians in the left crosswalk while preparing to make a left turn. An SUV parked behind the Waymo AV on the right shoulder of Sacramento street pulled out of the shoulder and made contact with the right side of the rear of the Waymo AV. At the time of the impact, the Waymo AV's Level 4 ADS was engaged in autonomous mode, and a test driver was present (in the driver's seating position). The Waymo AV sustained minor damage. 
Waymo is reporting this crash under Request No. 2 of Standing General Order 2021-01. Waymo may supplement or correct its reporting with additional information as it may become available. This report was submitted from the Pacific time zone on the required date.", ,"Prior to June 16, 2025 (Amendment 2)",,,,,,,,,,,,,,,,,,,,,,,,Likely excluded by Waymo hub methodology (pre-June 2025)
30270-2329,1,Waymo LLC,Monthly,1.0,2022.0,FEB-2022,SADHW2S12M1, ,,Jaguar,I-Pace, ,2021.0, ,415510c86f8a0cf,18214.0, ,In-Vehicle (Commercial / Test),5th Generation ADS, , ,, , ,, , ,, , ,,, , ,,,Yes,ADS,Waymo LLC, , ,Y, , , , , ,,JAN-2022, ,JAN-2022,06:30, ,fb21c8dbc9a660d,[MAY CONTAIN PERSONALLY IDENTIFIABLE INFORMATION], ,[MAY CONTAIN PERSONALLY IDENTIFIABLE INFORMATION], ,[MAY CONTAIN PERSONALLY IDENTIFIABLE INFORMATION], ,San Francisco, ,CA ,[MAY CONTAIN PERSONALLY IDENTIFIABLE INFORMATION], ,Intersection,Dry,No Unusual Conditions,25.0, ,Dark - Lighted,Y, , , , , , , ,,Passenger Car,No Injuries Reported,Yes,Proceeding Straight,No,No, , , , , ,Y, , , , , ,Proceeding Straight,No,No,Yes,4.0, , , , ,Y, , ,Y, , , , , , ,Y, ,Y,Y, , ,No,, ,Yes,, ,, ,, ,Yes, ,"On January [XXX], 2022 at 6:30 AM PST a Waymo Autonomous Vehicle ('Waymo AV') operating in San Francisco, CA was in a collision involving a passenger vehicle on [XXX] at [XXX].
The Waymo AV was stopped at a red light on northbound [XXX] at [XXX]. After the traffic light turned green and the Waymo AV had begun to accelerate, the passenger vehicle behind the Waymo AV made contact with the rear of the Waymo AV. At the time of the impact, the Waymo AV's Level 4 ADS was engaged in autonomous mode, and a test driver was present (in the driver's seating position). The Waymo AV and the trailing passenger vehicle both sustained minor damage.
Waymo is reporting this crash under Request No. 2 of Standing General Order 2021-01. Waymo may supplement or correct its reporting with additional information as it may become available. This report was submitted from the Pacific time zone on the required date.", ,"Prior to June 16, 2025 (Amendment 2)",,,,,,,,,,,,,,,,,,,,,,,,Likely excluded by Waymo hub methodology (pre-June 2025)
30270-2358,2,Waymo LLC,10-Day Update,,,FEB-2022,SADHW2S19M1, ,,Jaguar,I-Pace, ,2021.0, ,6bc8160eed3f36f,8570.0, ,In-Vehicle (Commercial / Test),5th Generation ADS, , ,, , ,, , ,, , ,,, , ,,,Yes,ADS,Waymo LLC, , ,Y, , , , , ,,FEB-2022, ,FEB-2022,17:46, ,ca46961b61f690a,[MAY CONTAIN PERSONALLY IDENTIFIABLE INFORMATION], ,[MAY CONTAIN PERSONALLY IDENTIFIABLE INFORMATION], ,[MAY CONTAIN PERSONALLY IDENTIFIABLE INFORMATION], ,San Francisco, ,CA ,[MAY CONTAIN PERSONALLY IDENTIFIABLE INFORMATION], ,Intersection,Dry,No Unusual Conditions,25.0, ,Dawn / Dusk,Y, , , , , , , ,,Non-Motorist: Cyclist,No Injuries Reported,Yes,Making Left Turn,,, , , , , , , , , , , ,Proceeding Straight,No,No,Yes,4.0, ,Y, , , , , , , , , , , , ,Y, ,Y,Y, , ,No,, ,Yes,, ,, ,, ,Yes, ,"Other than correcting the towing status of the Waymo AV, which was not towed, the content of this report is unchanged from the initial report submitted on February [XXX], 2022 [Report ID #30270-2248-1]. 
On February [XXX], 2022 at 5:46 PM PST a Waymo Autonomous Vehicle ('Waymo AV') operating in San Francisco, CA was in a collision involving a bicyclist on [XXX] at [XXX]. 
The Waymo AV was in autonomous mode and traveling southbound on [XXX] when it came to a stop at [XXX]. As the Waymo AV proceeded, a bicyclist traveling northbound on [XXX] proceeded through the stop sign without stopping in order to make a left turn onto westbound [XXX]. The Waymo AV began to brake and the test driver (in the driver's seating position), disengaged the AV system and continued braking. As the bicyclist attempted to complete their left turn, the bicyclist made contact with the driver side rear corner of the Waymo AV. At the time of the impact, the Waymo's Level 4 ADS was not engaged and a test driver was operating the Waymo AV in manual mode. The Waymo sustained damage.
Waymo is reporting this crash under Request No. 1 of Standing General Order 2021-01 because a vulnerable road user was involved. Waymo may supplement or correct its reporting with additional information as it may become available. This report was submitted from the Pacific time zone on the required date.", ,"Prior to June 16, 2025 (Amendment 2)",,,,,,,,,,,,,,,,,,,,,,,,Likely excluded by Waymo hub methodology (pre-June 2025)
30270-2551,1,Waymo LLC,Monthly,2.0,2022.0,MAR-2022,SADHW2S17M1, ,,Jaguar,I-Pace, ,2021.0, ,e0571a62a1ccccb,13801.0, ,In-Vehicle (Commercial / Test),5th Generation ADS, , ,, , ,, , ,, , ,,, , ,,,Yes,ADS,Waymo LLC, , ,Y, , , , , ,,FEB-2022, ,FEB-2022,08:44, ,a85a7c4da377987,[MAY CONTAIN PERSONALLY IDENTIFIABLE INFORMATION], ,[MAY CONTAIN PERSONALLY IDENTIFIABLE INFORMATION], ,[MAY CONTAIN PERSONALLY IDENTIFIABLE INFORMATION], ,San Francisco, ,CA ,[MAY CONTAIN PERSONALLY IDENTIFIABLE INFORMATION], ,Intersection,Dry,No Unusual Conditions,25.0, ,Daylight,Y, , , , , , , ,,SUV,No Injuries Reported,Yes,Crossing into Opposing Lane,No,No, , , , , , , ,Y, , , ,Stopped,No,No,Yes,0.0, ,Y, , , , , , , , , , , , ,Y, ,Y,Y, , ,No,, ,Yes,, ,, ,, ,Yes, ,"On February [XXX], 2022 at 8:44 AM PST a Waymo Autonomous Vehicle ('Waymo AV') operating in San Francisco, California was in a collision involving a SUV on [XXX] and [XXX].
The Waymo AV was stopped at a stop sign facing west on [XXX] in autonomous mode while yielding to pedestrians in the crosswalk. After the pedestrians had crossed, the Waymo started to edge forward when an SUV to the Waymo AV's rear passed the Waymo AV by driving in the oncoming traffic lane and made contact with the left rear sensor housing of the Waymo AV. At the time of the impact, the Waymo AV's Level 4 ADS was engaged in autonomous mode and a test driver was present (in the driver's seating position). The Waymo AV sustained minor damage.
Waymo is reporting this crash under Request No. 2 of Standing General Order 2021-01. Waymo may supplement or correct its reporting with additional information as it may become available. This report was submitted from the Pacific time zone on the required date.", ,"Prior to June 16, 2025 (Amendment 2)",,,,,,,,,,,,,,,,,,,,,,,,Likely excluded by Waymo hub methodology (pre-June 2025)
30270-2552,1,Waymo LLC,Monthly,2.0,2022.0,MAR-2022,SADHW2S1XM1, ,,Jaguar,I-Pace, ,2021.0, ,4c109ee6f767a49,9960.0, ,In-Vehicle (Commercial / Test),5th Generation ADS, , ,, , ,, , ,, , ,,, , ,,,Yes,ADS,Waymo LLC, , ,Y, , , , , ,,FEB-2022, ,FEB-2022,15:05, ,6760a5723220425,[MAY CONTAIN PERSONALLY IDENTIFIABLE INFORMATION], ,[MAY CONTAIN PERSONALLY IDENTIFIABLE INFORMATION], ,[MAY CONTAIN PERSONALLY IDENTIFIABLE INFORMATION], ,San Francisco, ,CA ,[MAY CONTAIN PERSONALLY IDENTIFIABLE INFORMATION], ,Street,Dry,"Other, see Narrative",25.0, ,Daylight,Y, , , , , , , ,,Pickup Truck,No Injuries Reported,Yes,Passing,No,No, ,Y, , , , , , , , , ,Stopped,No,No,Yes,0.0, ,Y, , , , , , , , , , , , ,Y, ,Y,Y, , ,No,, ,Yes,, ,, ,, ,Yes, ,"On February [XXX], 2022 at 3:05 PM PST a Waymo Autonomous Vehicle ('Waymo AV') operating in San Francisco, California was in a collision involving a pick-up truck on [XXX] near [XXX]. 
The Waymo AV was traveling westbound on [XXX] in autonomous mode and came to a stop while yielding to an oncoming pick-up truck in a narrow roadway. The oncoming truck continued proceeding straight and made contact with the rear left sensor of the Waymo AV. At the time of the impact, the Waymo AV's Level 4 ADS was engaged in autonomous mode, and a test driver was present (in the driver's seating position). Both vehicles sustained minor damage.
Waymo is reporting this crash under Request No. 2 of Standing General Order 2021-01. Waymo may supplement or correct its reporting with additional information as it may become available. This report was submitted from the Pacific time zone on the required date.", ,"Prior to June 16, 2025 (Amendment 2)",,,,,,,,,,,,,,,,,,,,,,,,Likely excluded by Waymo hub methodology (pre-June 2025)
30270-2553,1,Waymo LLC,Monthly,2.0,2022.0,MAR-2022,SADHW2S10M1, ,,Jaguar,I-Pace, ,2021.0, ,fc507050d262298,17237.0, ,In-Vehicle (Commercial / Test),5th Generation ADS, , ,, , ,, , ,, , ,,, , ,,,Yes,ADS,Waymo LLC, , ,Y, , , , , ,,FEB-2022, ,FEB-2022,15:02, ,82533cc71dbe287,[MAY CONTAIN PERSONALLY IDENTIFIABLE INFORMATION], ,[MAY CONTAIN PERSONALLY IDENTIFIABLE INFORMATION], ,[MAY CONTAIN PERSONALLY IDENTIFIABLE INFORMATION], ,San Francisco, ,CA ,[MAY CONTAIN PERSONALLY IDENTIFIABLE INFORMATION], ,Intersection,Dry,No Unusual Conditions,25.0, ,Daylight,Y, , , , , , , ,,Passenger Car,No Injuries Reported,Yes,Proceeding Straight,No,No, , ,Y, , ,Y, , , , , ,Stopped,No,No,Yes,0.0, , , , , , , ,Y, , , , , , ,Y, ,Y,Y, , ,No,, ,Yes,, ,, ,, ,Yes, ,"On February [XXX], 2022 at 3:02 PM PST a Waymo Autonomous Vehicle ('Waymo AV') operating in San Francisco, California was in a collision involving a passenger vehicle on [XXX] at [XXX].
The Waymo AV was stopped at a red light facing north on [XXX] at the [XXX] intersection in autonomous mode. While the traffic light was still red, the vehicle immediately behind the Waymo AV began to accelerate and made contact with the rear bumper of the Waymo AV. At the time of the impact, the Waymo AV's Level 4 ADS was engaged in autonomous mode, and a test driver was present (in the driver's seating position). The Waymo AV sustained minor damage.
Waymo is reporting this crash under Request No. 2 of Standing General Order 2021-01. Waymo may supplement or correct its reporting with additional information as it may become available. This report was submitted from the Pacific time zone on the required date.", ,"Prior to June 16, 2025 (Amendment 2)",,,,,,,,,,,,,,,,,,,,,,,,Likely excluded by Waymo hub methodology (pre-June 2025)
30270-2554,1,Waymo LLC,Monthly,2.0,2022.0,MAR-2022,SADHW2S19M1, ,,Jaguar,I-Pace, ,2021.0, ,3e2c94c7b8660e0,16818.0, ,In-Vehicle (Commercial / Test),5th Generation ADS, , ,, , ,, , ,, , ,,, , ,,,Yes,ADS,Waymo LLC, , ,Y, , , , , ,,FEB-2022, ,FEB-2022,19:45, ,330b02ca7bf113d,[MAY CONTAIN PERSONALLY IDENTIFIABLE INFORMATION], ,[MAY CONTAIN PERSONALLY IDENTIFIABLE INFORMATION], ,[MAY CONTAIN PERSONALLY IDENTIFIABLE INFORMATION], ,San Francisco, ,CA ,[MAY CONTAIN PERSONALLY IDENTIFIABLE INFORMATION], ,Intersection,Dry,No Unusual Conditions,35.0, ,Dark - Lighted,Y, , , , , , , ,,Passenger Car,No Injuries Reported,Yes,Proceeding Straight,No,No, , ,Y, , , , , , , , ,Stopped,No,No,Yes,0.0, , , , , , , ,Y, , , , , , ,Y, ,Y,Y, , ,No,, ,Yes,, ,, ,, ,Yes, ,"On February [XXX], 2022 at 7:45 PM PST a Waymo Autonomous Vehicle ('Waymo AV') operating in San Francisco, California was in a collision involving a passenger vehicle at the northbound merge lane on the 100 block of [XXX]. 
While attempting a merge onto northbound [XXX] from southbound [XXX], the Waymo AV came to a stop to yield for approaching traffic on the right. While stopped, a vehicle approached from behind and made contact with the rear bumper of the Waymo AV. The other vehicle left the scene without exchanging information.  At the time of the impact, the Waymo AV's Level 4 ADS was engaged in autonomous mode, and a test driver was present (in the driver's seating position). The Waymo AV sustained minor damage.
Waymo is reporting this crash under Request No. 2 of Standing General Order 2021-01. Waymo may supplement or correct its reporting with additional information as it may become available. This report was submitted from the Pacific time zone on the required date.", ,"Prior to June 16, 2025 (Amendment 2)",,,,,,,,,,,,,,,,,,,,,,,,Likely excluded by Waymo hub methodology (pre-June 2025)
30270-2555,1,Waymo LLC,Monthly,2.0,2022.0,MAR-2022,SADHW2S10M1, ,,Jaguar,I-Pace, ,2021.0, ,ed590c651fc2b4e,8771.0, ,In-Vehicle (Commercial / Test),5th Generation ADS, , ,, , ,, , ,, , ,,, , ,,,Yes,ADS,Waymo LLC, , ,Y, , , , , ,,FEB-2022, ,FEB-2022,00:49, ,5c272086feb4f9f,[MAY CONTAIN PERSONALLY IDENTIFIABLE INFORMATION], ,[MAY CONTAIN PERSONALLY IDENTIFIABLE INFORMATION], ,[MAY CONTAIN PERSONALLY IDENTIFIABLE INFORMATION], ,San Francisco, ,CA ,[MAY CONTAIN PERSONALLY IDENTIFIABLE INFORMATION], ,Intersection,Dry,No Unusual Conditions,25.0, ,Dark - Lighted,Y, , , , , , , ,,Passenger Car,No Injuries Reported,Yes,Changing Lanes,No,No, , , , , , , , , , ,Y,Stopped,No,No,Yes,0.0, , , , , , , ,Y, , , , , , ,Y, ,Y,Y, , ,No,, ,Yes,, ,, ,, ,Yes, ,"On February [XXX], 2022 at 12:49 AM PST a Waymo Autonomous Vehicle ('Waymo AV') operating in San Francisco, California was in a collision involving a passenger vehicle on [XXX] at [XXX].
The Waymo AV was stopped at a red light facing west on [XXX] at the [XXX] intersection in the left turn lane in autonomous mode. While the traffic light was still red, the vehicle immediately behind the Waymo AV began to accelerate toward the right side of the Waymo AV and made contact with the right rear bumper of the Waymo AV.  The other vehicle left the scene without exchanging information. At the time of the impact, the Waymo AV's Level 4 ADS was engaged in autonomous mode, and a test driver was present (in the driver's seating position). The Waymo AV sustained minor damage.
Waymo is reporting this crash under Request No. 2 of Standing General Order 2021-01. Waymo may supplement or correct its reporting with additional information as it may become available. This report was submitted from the Pacific time zone on the required date.", ,"Prior to June 16, 2025 (Amendment 2)",,,,,,,,,,,,,,,,,,,,,,,,Likely excluded by Waymo hub methodology (pre-June 2025)
30270-2556,1,Waymo LLC,Monthly,2.0,2022.0,MAR-2022,SADHW2S17M1, ,,Jaguar,I-Pace, ,2021.0, ,6928114ae21e747,21701.0, ,In-Vehicle (Commercial / Test),5th Generation ADS, , ,, , ,, , ,, , ,,, , ,,,Yes,ADS,Waymo LLC, , ,Y, , , , , ,,FEB-2022, ,FEB-2022,13:00, ,4aa11f8103e3b99,[MAY CONTAIN PERSONALLY IDENTIFIABLE INFORMATION], ,[MAY CONTAIN PERSONALLY IDENTIFIABLE INFORMATION], ,[MAY CONTAIN PERSONALLY IDENTIFIABLE INFORMATION], ,San Francisco, ,CA ,[MAY CONTAIN PERSONALLY IDENTIFIABLE INFORMATION], ,Intersection,Dry,No Unusual Conditions,25.0, ,Daylight,Y, , , , , , , ,,Passenger Car,No Injuries Reported,Yes,Proceeding Straight,No,No, , , , , , , , ,Y, , ,Proceeding Straight,No,No,Yes,1.0, , , , ,Y, , , , , , , , , ,Y, ,Y,Y, , ,No,, ,Yes,, ,, ,, ,Yes, ,"On February [XXX], 2022 at 1:00 PM PST a Waymo Autonomous Vehicle ('Waymo AV') operating in San Francisco, California was in a collision involving a passenger vehicle on [XXX] at [XXX].
While traveling southbound on [XXX] at [XXX] in autonomous mode, the Waymo AV approached a green light and signaled for a right turn when a pedestrian entered the adjacent crosswalk in accordance with the pedestrian 'WALK' signal. As the Waymo AV began to slow, the driver transitioned the system into manual mode. A few seconds later, a passenger vehicle approached from behind and made contact with the rear bumper of the Waymo AV. At the time of the impact, the Waymo AV's Level 4 ADS was not engaged and a test driver was operating the Waymo AV in manual mode. The Waymo AV sustained minor damage.
Waymo is reporting this crash under Request No. 2 of Standing General Order 2021-01. Waymo may supplement or correct its reporting with additional information as it may become available. This report was submitted from the Pacific time zone on the required date.", ,"Prior to June 16, 2025 (Amendment 2)",,,,,,,,,,,,,,,,,,,,,,,,Likely excluded by Waymo hub methodology (pre-June 2025)
30270-2605,2,Waymo LLC,10-Day Update,,,APR-2022,SADHW2S1XM1, ,,Jaguar,I-Pace, ,2021.0, ,3f5f631b7210b62,25407.0, ,In-Vehicle (Commercial / Test),5th Generation ADS, , ,, , ,, , ,, , ,,, , ,,,Yes,ADS,Waymo LLC, , ,Y, , , , , ,,MAR-2022, ,MAR-2022,01:16, ,ef4200310e24064,[MAY CONTAIN PERSONALLY IDENTIFIABLE INFORMATION], ,[MAY CONTAIN PERSONALLY IDENTIFIABLE INFORMATION], ,[MAY CONTAIN PERSONALLY IDENTIFIABLE INFORMATION], ,San Francisco, ,CA ,[MAY CONTAIN PERSONALLY IDENTIFIABLE INFORMATION], ,Intersection,Dry,No Unusual Conditions,30.0, ,Dark - Lighted, , , , , , ,Y, ,,SUV,No Injuries Reported,Yes,Proceeding Straight,Unknown,No, , ,Y, , ,Y, , ,Y, , ,Proceeding Straight,No,Yes,Yes,9.0, ,Y, , ,Y, , ,Y, , , , , , ,Y, ,Y,Y, , ,No,, ,Yes,, ,, ,, ,Yes, ,"The description of the event in this report is unchanged from the initial report submitted on March [XXX], 2022 [Report ID # 30270-2605-1]. 
On March [XXX], 2022 at 1:16 AM PST a Waymo Autonomous Vehicle ('Waymo AV') operating in San Francisco, California was in a collision involving a SUV on [XXX] and [XXX].
The Waymo AV was slowing for a stop sign while traveling westbound on [XXX] in autonomous mode. An SUV approached from behind and made contact with the rear of the Waymo AV. The other party immediately left the scene of the event. At the time of the impact, the Waymo AV's Level 4 ADS was engaged in autonomous mode, and a test driver was present (in the driver's seating position). Both vehicles sustained moderate damage.
Waymo is reporting this crash under Request No. 1 of Standing General Order 2021-01 because a vehicle involved was towed away. Waymo may supplement or correct its reporting with additional information as it may become available. This report was submitted from the Pacific time zone on the required date.", ,"Prior to June 16, 2025 (Amendment 2)",,,,,,,,,,,,,,,,,,,,,,,,Likely excluded by Waymo hub methodology (pre-June 2025)